URL,True Intent,True Entities,audios,Transcript,Pred Intent,Pred Entities
https://dhruvacentrali0960249713.blob.core.windows.net/logsvoiceai/Y3kCKWCHwn2hdwZkCN2XAQ.wav,balance_check,[],//home/NPCI-Model-deploy/transactional-voice-ai_serving_dev/fastapi_client/data/pa/npci_pipeline_benchmark/audio/Y3kCKWCHwn2hdwZkCN2XAQ.wav,ਮੈਂ ਆਪਣੇ ਖਾਤੇ ਦਾ ਬੈਲੇਂਸ ਚੇਕ ਕਰਨਾ ਚਾਹੁੰਦਾ,balance_check,[]
https://dhruvacentrali0960249713.blob.core.windows.net/logsvoiceai/UBN7Nuzfmo6HzwQjwLGYPz.wav,balance_check,[],//home/NPCI-Model-deploy/transactional-voice-ai_serving_dev/fastapi_client/data/pa/npci_pipeline_benchmark/audio/UBN7Nuzfmo6HzwQjwLGYPz.wav,ਮੈਂ ਆਪਦੇ ਬੈਂਕ ਖਾਤੇ ਦਾ ਬੈਲੇਂਸ ਚੈਕ ਕਰਨਾ ਚਾਹੁੰਦਾ,balance_check,[]
https://dhruvacentrali0960249713.blob.core.windows.net/logsvoiceai/mdG4GrVAG29uWvMp6NWgvu.wav,balance_check,[],//home/NPCI-Model-deploy/transactional-voice-ai_serving_dev/fastapi_client/data/pa/npci_pipeline_benchmark/audio/mdG4GrVAG29uWvMp6NWgvu.wav,ਮੈਂ ਆਪਣੇ ਬੈਂਕ ਖਾਤੇ ਦਾ ਬੈਲੇਂਸ ਚੇਕ ਕਰਨਾ ਚਾਹੁਦਾ,balance_check,[]
https://dhruvacentrali0960249713.blob.core.windows.net/logsvoiceai/2QkBJjj2SsRYyeXojMqd4Z.wav,balance_check,[],//home/NPCI-Model-deploy/transactional-voice-ai_serving_dev/fastapi_client/data/pa/npci_pipeline_benchmark/audio/2QkBJjj2SsRYyeXojMqd4Z.wav,ਮੈਂ ਆਪਣਾ ਬੈਲੇਂਸ ਚੇ ਇੱਕ ਕਰਨਾ ਚਾਹੁੰਦਾ ਹਾਂ,balance_check,[]
https://dhruvacentrali0960249713.blob.core.windows.net/logsvoiceai/AUD-20240129-WA0103.wav,mobile_recharge_prepaid,"['mobile_number-9022520254', 'telephone_operator-jio']",//home/NPCI-Model-deploy/transactional-voice-ai_serving_dev/fastapi_client/data/pa/npci_pipeline_benchmark/audio/AUD-20240129-WA0103.wav,ਮੈਂ ਆਪਣੇ ਜੀ ਓ ਮੋਬਾਈਲ ਨੰਬਰ ਨੌ ਸਿਫਰ ਦੋ ਦੋ ਪੰਜ ਦੋ ਸਿਫਰ ਦੋ ਪੰਜ ਚਾਰ ਦਾ ਰਿਚਾਰਜ ਕਰਵਾਉਣਾ,mobile_recharge_prepaid,"['mobile_number-9022520254', 'telephone_operator-Jio']"
https://dhruvacentrali0960249713.blob.core.windows.net/logsvoiceai/AsHVY6jTXdiRUmLjNtrQCT.wav,balance_check,[],//home/NPCI-Model-deploy/transactional-voice-ai_serving_dev/fastapi_client/data/pa/npci_pipeline_benchmark/audio/AsHVY6jTXdiRUmLjNtrQCT.wav,ਚੇ ਇੱਕ ਬੈਲੇਂਸ ਅ,balance_check,[]
https://dhruvacentrali0960249713.blob.core.windows.net/logsvoiceai/audio-JU8HuDvMFiH3iG4pEW7MaK.wav,balance_check,[],//home/NPCI-Model-deploy/transactional-voice-ai_serving_dev/fastapi_client/data/pa/npci_pipeline_benchmark/audio/audio-JU8HuDvMFiH3iG4pEW7MaK.wav,ਮੈਂ ਆਪਣੇ ਖਾਤੇ ਦਾ ਬੈਲੇਂਸ ਚੈੱਕ ਕਰਨਾ ਚਾਹੁੰਦਾ ਹਾਂ,balance_check,[]
https://dhruvacentrali0960249713.blob.core.windows.net/logsvoiceai/audio-M3fJRNg9a9NFcHaKKwpYkG.wav,balance_check,[],//home/NPCI-Model-deploy/transactional-voice-ai_serving_dev/fastapi_client/data/pa/npci_pipeline_benchmark/audio/audio-M3fJRNg9a9NFcHaKKwpYkG.wav,ਮੈਂ ਆਪਣੇ ਖਾਤੇ ਦੀ ਬੈਲੇਂਸ ਚੈੱਕ ਕਰਨਾ ਚਾਹੁੰਦਾ,balance_check,[]
https://dhruvacentrali0960249713.blob.core.windows.net/logsvoiceai/audio-64t238UAHMukftSjfCWDKg.wav,balance_check,[],//home/NPCI-Model-deploy/transactional-voice-ai_serving_dev/fastapi_client/data/pa/npci_pipeline_benchmark/audio/audio-64t238UAHMukftSjfCWDKg.wav,ਮੈਂ ਆਪਣੇ ਬੈਂਕ ਖਾਤੇ ਦਾ ਬੈਲੇਂਸ ਚੈੱਕ ਕਰਨਾ ਚਾਹੁੰਦਾ ਹਾਂ,balance_check,[]
https://dhruvacentrali0960249713.blob.core.windows.net/logsvoiceai/audio-Hp9x9u97wikMXiYE4JHsk8.wav,balance_check,[],//home/NPCI-Model-deploy/transactional-voice-ai_serving_dev/fastapi_client/data/pa/npci_pipeline_benchmark/audio/audio-Hp9x9u97wikMXiYE4JHsk8.wav,ਮੈਂ ਆਪਣੇ ਬੈਂਕ ਖਾਤੇ ਦਾ ਬੈਲੇਂਸ ਚੈੱਕ ਕਰਨਾ ਚਾਹੁੰਦਾ ਹ,balance_check,[]
https://dhruvacentrali0960249713.blob.core.windows.net/logsvoiceai/audio-3HJNbquScwqKHsUzLRt5jG.wav,balance_check,[],//home/NPCI-Model-deploy/transactional-voice-ai_serving_dev/fastapi_client/data/pa/npci_pipeline_benchmark/audio/audio-3HJNbquScwqKHsUzLRt5jG.wav,ਮੈਂ ਆਪਣੇ ਬੈਂਕ ਖਾਤੇ ਦਾ ਬੈਲੇਂਸ ਚੈੱਕ ਕਰਨਾ ਚਾਹੁੰਦਾ ਹ,balance_check,[]
https://dhruvacentrali0960249713.blob.core.windows.net/logsvoiceai/audio-LhRY8fBTTZx7RQRGFckrbw.wav,balance_check,[],//home/NPCI-Model-deploy/transactional-voice-ai_serving_dev/fastapi_client/data/pa/npci_pipeline_benchmark/audio/audio-LhRY8fBTTZx7RQRGFckrbw.wav,ਮੈਂ ਆਪਣੇ ਖਾਤੇ ਦਾ ਬੈਂਕ ਬੈਲੇਂਸ ਚੈੱਕ ਕਰਨਾ ਚਾਹੁੰਦਾ ਹ,balance_check,[]
https://dhruvacentrali0960249713.blob.core.windows.net/logsvoiceai/Pa_amt_30-14.wav,unknown,['amount_of_money-30'],//home/NPCI-Model-deploy/transactional-voice-ai_serving_dev/fastapi_client/data/pa/npci_pipeline_benchmark/audio/Pa_amt_30-14.wav,ਤੀਹ ਰੁਪਏ,inform,['amount_of_money-30']
https://dhruvacentrali0960249713.blob.core.windows.net/logsvoiceai/audio-S823jqCyveP7ee5x4dP9Ws.wav,balance_check,[],//home/NPCI-Model-deploy/transactional-voice-ai_serving_dev/fastapi_client/data/pa/npci_pipeline_benchmark/audio/audio-S823jqCyveP7ee5x4dP9Ws.wav,ਮੈਂ ਆਪਣੇ ਬੈਂਕ ਖਾਤੇ ਦਾ ਬੈਲੇਂਸ ਚੇਕ ਕਰਨਾ ਚਾਹਦਾ ਹ,balance_check,[]
https://dhruvacentrali0960249713.blob.core.windows.net/logsvoiceai/audio-NzP8Z7mNvQxhZc6wwUEaAz.wav,balance_check,[],//home/NPCI-Model-deploy/transactional-voice-ai_serving_dev/fastapi_client/data/pa/npci_pipeline_benchmark/audio/audio-NzP8Z7mNvQxhZc6wwUEaAz.wav,ਮੈਂ ਆਪਣੇ ਬੈਂਕ ਖਾਤੇ ਦੀ ਜਾਣਕਾਰੀ ਲੈਣਾ ਚਾਹੁੰਦਾ ਹ,balance_check,[]
https://dhruvacentrali0960249713.blob.core.windows.net/logsvoiceai/audio-dEg7HFE2DaVmSdoDKD9Q9n.wav,balance_check,[],//home/NPCI-Model-deploy/transactional-voice-ai_serving_dev/fastapi_client/data/pa/npci_pipeline_benchmark/audio/audio-dEg7HFE2DaVmSdoDKD9Q9n.wav,ਮੈਂ ਆਪਣੇ ਖਾਤੇ ਦੇ ਬੈਲੇਂਸ ਚੈੱਕ ਕਰਨਾ ਚਾਹੁੰਦਾ,balance_check,[]
https://dhruvacentrali0960249713.blob.core.windows.net/logsvoiceai/audio-WdYuvKBKBGWaPRhPJJbQu2.wav,balance_check,[],//home/NPCI-Model-deploy/transactional-voice-ai_serving_dev/fastapi_client/data/pa/npci_pipeline_benchmark/audio/audio-WdYuvKBKBGWaPRhPJJbQu2.wav,ਮੈਂ ਆਪਣੇ ਖਾਤੇ ਦਾ ਬੈਲੇਂਸ ਚੈੱਕ ਕਰਨਾ ਚਾਹੁੰਦਾ,balance_check,[]
https://dhruvacentrali0960249713.blob.core.windows.net/logsvoiceai/AUD-20240129-WA0089.wav,mobile_recharge_prepaid,['mobile_number-9022520254'],//home/NPCI-Model-deploy/transactional-voice-ai_serving_dev/fastapi_client/data/pa/npci_pipeline_benchmark/audio/AUD-20240129-WA0089.wav,ਮੈਂ ਆਪਣੇ ਮੋਬਾਈਲ ਫ਼ੋਨ ਦਾ ਰਿਚਾਰਜ ਕਰਵਾਉਣਾ ਮੋਬਾਇਲ ਨੰਬਰ ਨੌਂ ਸਿਫਰ ਦੋ ਦੋ ਪੰਜ ਦੋ ਸਿਫਰ ਦੋ ਪੰਜ ਚਾਰ,mobile_recharge_prepaid,['mobile_number-9022520254']
https://dhruvacentrali0960249713.blob.core.windows.net/logsvoiceai/audio-efasyBC24h9B9ADeZ6Auem.wav,balance_check,[],//home/NPCI-Model-deploy/transactional-voice-ai_serving_dev/fastapi_client/data/pa/npci_pipeline_benchmark/audio/audio-efasyBC24h9B9ADeZ6Auem.wav,ਮੈਂ ਆਪਣਾ ਬੈਂਕ ਬੈਲੇਂਸ ਚੇਕ ਕਰਨਾ ਚਾਹੁੁੰਦਾ,balance_check,[]
https://dhruvacentrali0960249713.blob.core.windows.net/logsvoiceai/audio-Z7MrzReGBMzb6gidHYqjPk.wav,balance_check,[],//home/NPCI-Model-deploy/transactional-voice-ai_serving_dev/fastapi_client/data/pa/npci_pipeline_benchmark/audio/audio-Z7MrzReGBMzb6gidHYqjPk.wav,ਮੈਂ ਆਪਣੇ ਬੈਂਕ ਖਾਤੇ ਦਾ ਬੈਲੇਂਸ ਚੈੱਕ ਕਰਨਾ ਚਾਹੁੰਦਾ,balance_check,[]
https://dhruvacentrali0960249713.blob.core.windows.net/logsvoiceai/AUD-20240124-WA0048.wav,p2p_transfer,['bank_name-hdfc bank'],//home/NPCI-Model-deploy/transactional-voice-ai_serving_dev/fastapi_client/data/pa/npci_pipeline_benchmark/audio/AUD-20240124-WA0048.wav,ਮੈਨੂੰ ਆਪਣੇ ਐੱਚ ਡੀ ਐੱਫ ਸੀ ਬੈਂਕ ਅਕਾਊਂਟ ਤੋਂ ਪੈਸੇ ਟ੍ਰਾਂਸਫਰ ਕਰਨੇ ਹੈਗੇ,p2p_transfer,['bank_name-HDFC Bank']
https://dhruvacentrali0960249713.blob.core.windows.net/logsvoiceai/AUD-20240124-WA0049.wav,p2p_transfer,['bank_name-bank of baroda'],//home/NPCI-Model-deploy/transactional-voice-ai_serving_dev/fastapi_client/data/pa/npci_pipeline_benchmark/audio/AUD-20240124-WA0049.wav,ਮੈਨੂੰ ਆਪਣੇ ਬੈਂਕ ਆਫ ਬਰੌੜਾ ਅਕਾਊਂਟ ਤੋਂ ਪੈਸੇ ਟ੍ਰਾਂਸਫਰ ਕਰਨੇ ਹੈਗੇ,p2p_transfer,['bank_name-Bank of Baroda']
https://dhruvacentrali0960249713.blob.core.windows.net/logsvoiceai/AUD-20240124-WA0050.wav,p2p_transfer,['bank_name-canara bank'],//home/NPCI-Model-deploy/transactional-voice-ai_serving_dev/fastapi_client/data/pa/npci_pipeline_benchmark/audio/AUD-20240124-WA0050.wav,ਮੈਨੂੰ ਆਪਣੇ ਕੈਨਰਾ ਬੈਂਕ ਅਕਾਊਂਟ ਤੋਂ ਪੈਸੇ ਟ੍ਰਾਂਸਫਰ ਕਰਨੇ ਹੈਗੇ,p2p_transfer,['bank_name-Canara Bank']
https://dhruvacentrali0960249713.blob.core.windows.net/logsvoiceai/Pa_amt_550-20.wav,unknown,['amount_of_money-550'],//home/NPCI-Model-deploy/transactional-voice-ai_serving_dev/fastapi_client/data/pa/npci_pipeline_benchmark/audio/Pa_amt_550-20.wav,ਪੰਜ ਸੌ ਪੰਜਾਹ ਰੁਪਏ,inform,['amount_of_money-550']
https://dhruvacentrali0960249713.blob.core.windows.net/logsvoiceai/AUD-20240124-WA0051.wav,balance_check,['bank_name-axis bank'],//home/NPCI-Model-deploy/transactional-voice-ai_serving_dev/fastapi_client/data/pa/npci_pipeline_benchmark/audio/AUD-20240124-WA0051.wav,ਮੈਨੂੰ ਆਪਣੇ ਐਕਸਿਸ ਬੈਂਕ ਅਕਾਊਂਟ ਦਾ ਬੈਂਕ ਬੈਲੇਂਸ ਚੈੱਕ ਕਰਨਾ ਹੈਗਾ,balance_check,['bank_name-Axis Bank']
https://dhruvacentrali0960249713.blob.core.windows.net/logsvoiceai/AUD-20240124-WA0052.wav,p2p_transfer,['bank_name-state bank of india'],//home/NPCI-Model-deploy/transactional-voice-ai_serving_dev/fastapi_client/data/pa/npci_pipeline_benchmark/audio/AUD-20240124-WA0052.wav,ਮੈਨੂੰ ਆਪਣੇ ਸਟੇਟ ਬੈਂਕ ਆਫ ਇੰਡੀਆ ਅਕਾਊਂਟ ਤੋਂ ਪੈਸੇ ਟ੍ਰਾਂਸਫਰ ਕਰਨੇ ਹੈਗੇ,p2p_transfer,['bank_name-State Bank of India']
https://dhruvacentrali0960249713.blob.core.windows.net/logsvoiceai/AUD-20240124-WA0053.wav,p2p_transfer,['bank_name-bank of maharashtra'],//home/NPCI-Model-deploy/transactional-voice-ai_serving_dev/fastapi_client/data/pa/npci_pipeline_benchmark/audio/AUD-20240124-WA0053.wav,ਮੈਨੂੰ ਆਪਣੇ ਬੈਂਕ ਆਫ ਮਹਾਰਾਸ਼ਟਰਾ ਅਕਾਊਂਟ ਤੋਂ ਪੈਸੇ ਟ੍ਰਾਂਸਫਰ ਕਰਨੇ ਹੈਗੇ,p2p_transfer,['bank_name-Bank of Maharashtra']
https://dhruvacentrali0960249713.blob.core.windows.net/logsvoiceai/AUD-20240129-WA0089.wav,mobile_recharge_prepaid,['mobile_number-9022520254'],//home/NPCI-Model-deploy/transactional-voice-ai_serving_dev/fastapi_client/data/pa/npci_pipeline_benchmark/audio/AUD-20240129-WA0089.wav,ਮੈਂ ਆਪਣੇ ਮੋਬਾਈਲ ਫ਼ੋਨ ਦਾ ਰਿਚਾਰਜ ਕਰਵਾਉਣਾ ਮੋਬਾਇਲ ਨੰਬਰ ਨੌਂ ਸਿਫਰ ਦੋ ਦੋ ਪੰਜ ਦੋ ਸਿਫਰ ਦੋ ਪੰਜ ਚਾਰ,mobile_recharge_prepaid,['mobile_number-9022520254']
https://dhruvacentrali0960249713.blob.core.windows.net/logsvoiceai/AUD-20240129-WA0090.wav,mobile_recharge_prepaid,"['mobile_number-9989767178', 'telephone_operator-bsnl']",//home/NPCI-Model-deploy/transactional-voice-ai_serving_dev/fastapi_client/data/pa/npci_pipeline_benchmark/audio/AUD-20240129-WA0090.wav,ਮੈਂ ਆਪਣੇ ਬੀ ਐੱਸ ਐੱਨ ਐੱਲ ਨੰਬਰ ਨੌ ਨੌ ਅੱਠ ਨੌਂ ਸੱਤ ਛੇ ਸੱਤ ਇੱਕ ਸੱਤ ਅੱਠ ਦਾ ਰਿਚਾਰਜ ਕਰਵਾਉਣਾ,mobile_recharge_prepaid,['mobile_number-9989767178']
https://dhruvacentrali0960249713.blob.core.windows.net/logsvoiceai/AUD-20240129-WA0091.wav,mobile_recharge_prepaid,"['mobile_number-9989767178', 'telephone_operator-vodafone']",//home/NPCI-Model-deploy/transactional-voice-ai_serving_dev/fastapi_client/data/pa/npci_pipeline_benchmark/audio/AUD-20240129-WA0091.wav,ਮੈਂ ਆਪਣੇ ਵੋਡਾਫੋਨ ਨੰਬਰ ਨੌ ਨੌਂ ਅੱਠ ਨੌਂ ਸੱਤ ਛੇ ਸੱਤ ਇੱਕ ਸੱਤ ਅੱਠ ਦਾ ਰੇਚਾਰਜ ਕਰਾਉਣਾ,mobile_recharge_prepaid,"['mobile_number-9989767178', 'telephone_operator-Vodafone']"
https://dhruvacentrali0960249713.blob.core.windows.net/logsvoiceai/AUD-20240129-WA0092.wav,mobile_recharge_prepaid,['telephone_operator-vodafone'],//home/NPCI-Model-deploy/transactional-voice-ai_serving_dev/fastapi_client/data/pa/npci_pipeline_benchmark/audio/AUD-20240129-WA0092.wav,ਮੈਂ ਆਪਣੇ ਆਈਡੀਆ ਨੰਬਰ ਦਾ ਰੇਚਾਰਜ ਕਰਾਉਣਾ,mobile_recharge_prepaid,['telephone_operator-Vodafone']
https://dhruvacentrali0960249713.blob.core.windows.net/logsvoiceai/AUD-20240129-WA0093.wav,gas_payment,['lpg_gas_provider_name-bharat petroleum corporation ltd.'],//home/NPCI-Model-deploy/transactional-voice-ai_serving_dev/fastapi_client/data/pa/npci_pipeline_benchmark/audio/AUD-20240129-WA0093.wav,ਮੈਨੂੰ ਆਪਣੇ ਭਾਰਤ ਗੈਸ ਦਾ ਬਿਲ ਪੇ ਕਰਨਾ,gas_payment,['lpg_gas_provider_name-Bharat Petroleum Corporation Ltd.']
https://dhruvacentrali0960249713.blob.core.windows.net/logsvoiceai/AUD-20240129-WA0094.wav,gas_payment,['lpg_gas_provider_name-indian oil corporation ltd.'],//home/NPCI-Model-deploy/transactional-voice-ai_serving_dev/fastapi_client/data/pa/npci_pipeline_benchmark/audio/AUD-20240129-WA0094.wav,ਮੈਨੂੰ ਆਪਣੇ ਇੰਡੀਅਨ ਆਇਲ ਗੈਸ ਦਾ ਬਿੱਲ ਭਰਨਾ,gas_payment,['lpg_gas_provider_name-Indian Oil Corporation ltd.']
https://dhruvacentrali0960249713.blob.core.windows.net/logsvoiceai/AUD-20240129-WA0097.wav,gas_payment,['lpg_gas_provider_name-jyothi gas pvt. ltd'],//home/NPCI-Model-deploy/transactional-voice-ai_serving_dev/fastapi_client/data/pa/npci_pipeline_benchmark/audio/AUD-20240129-WA0097.wav,ਮੈਂ ਆਪਣੇ ਜੋਤੀ ਗੈਸ ਦਾ ਭਿੱਲ ਭਰਨਾ ਹਾਂ,gas_payment,['lpg_gas_provider_name-Jyothi Gas Pvt. Ltd']
https://dhruvacentrali0960249713.blob.core.windows.net/logsvoiceai/AUD-20240129-WA0098.wav,fastag_recharge,['vehicle_number-mh04az1122'],//home/NPCI-Model-deploy/transactional-voice-ai_serving_dev/fastapi_client/data/pa/npci_pipeline_benchmark/audio/AUD-20240129-WA0098.wav,ਮੈਨੂੰ ਆਪਣੇ ਗੱਡੀ ਨੰਬਰ ਐਮ ਐੱਚ ਸਿਫਰ ਚਾਰ ਏ ਜ਼ੈਡ ਇੱਕ ਇੱਕ ਦੋ ਦੋ ਦਾ ਫਾਸਟੈਗ ਰਿਚਾਰਜ ਕਰਵਾਉਣਾ ਹਾਂ,fastag_recharge,['vehicle_number-MH04AZ1122']
https://dhruvacentrali0960249713.blob.core.windows.net/logsvoiceai/AUD-20240129-WA0100.wav,gas_payment,['lpg_gas_provider_name-bharat petroleum corporation ltd.'],//home/NPCI-Model-deploy/transactional-voice-ai_serving_dev/fastapi_client/data/pa/npci_pipeline_benchmark/audio/AUD-20240129-WA0100.wav,ਮੈਨੂੰ ਆਪਣੇ ਭਾਰਤ ਪੈਟਰੋਲੀਅਮ ਦਾ ਬਿੱਲ ਪੇਅ ਕਰਨਾ,gas_payment,['lpg_gas_provider_name-Bharat Petroleum Corporation Ltd.']
https://dhruvacentrali0960249713.blob.core.windows.net/logsvoiceai/AUD-20240129-WA0101.wav,mobile_recharge_prepaid,['telephone_operator-vodafone'],//home/NPCI-Model-deploy/transactional-voice-ai_serving_dev/fastapi_client/data/pa/npci_pipeline_benchmark/audio/AUD-20240129-WA0101.wav,ਮੈਂ ਆਪਣੇ ਵੋਡਾਫੋਨ ਨੰਬਰ ਦਾ ਰਿਚਾਰਜ ਕਰਾਉਣਾ,mobile_recharge_prepaid,['telephone_operator-Vodafone']
https://dhruvacentrali0960249713.blob.core.windows.net/logsvoiceai/AUD-20240129-WA0102.wav,mobile_recharge_prepaid,"['mobile_number-9022520254', 'telephone_operator-airtel']",//home/NPCI-Model-deploy/transactional-voice-ai_serving_dev/fastapi_client/data/pa/npci_pipeline_benchmark/audio/AUD-20240129-WA0102.wav,ਮੈਂ ਆਪਣੇ ਏਅਰਟੈੱਲ ਨੰਬਰ ਨੌ ਸਿਫਰ ਦੋ ਦੋ ਪੰਜ ਦੋ ਸਿਫਰ ਦੋ ਪੰਜ ਚਾਰ ਦਾ ਰਿਚਾਰਜ ਕਰਵਾਉਣਾ,mobile_recharge_prepaid,"['mobile_number-9022520254', 'telephone_operator-Airtel']"
https://dhruvacentrali0960249713.blob.core.windows.net/logsvoiceai/AUD-20240129-WA0103.wav,mobile_recharge_prepaid,"['mobile_number-9022520254', 'telephone_operator-jio']",//home/NPCI-Model-deploy/transactional-voice-ai_serving_dev/fastapi_client/data/pa/npci_pipeline_benchmark/audio/AUD-20240129-WA0103.wav,ਮੈਂ ਆਪਣੇ ਜੀ ਓ ਮੋਬਾਈਲ ਨੰਬਰ ਨੌ ਸਿਫਰ ਦੋ ਦੋ ਪੰਜ ਦੋ ਸਿਫਰ ਦੋ ਪੰਜ ਚਾਰ ਦਾ ਰਿਚਾਰਜ ਕਰਵਾਉਣਾ,mobile_recharge_prepaid,"['mobile_number-9022520254', 'telephone_operator-Jio']"
https://dhruvacentrali0960249713.blob.core.windows.net/logsvoiceai/audio-cHG9SUd2RhZ3cryJJhKgGP.wav,balance_check,[],//home/NPCI-Model-deploy/transactional-voice-ai_serving_dev/fastapi_client/data/pa/npci_pipeline_benchmark/audio/audio-cHG9SUd2RhZ3cryJJhKgGP.wav,ਮੈਂ ਆਪਦੇ ਬੈਂਕ ਖਾਤੇ ਦਾ ਬੈਲੇਂਸ ਚੇਕ ਕਰਨਾ ਚਾਹੁਦਾ,balance_check,[]
https://dhruvacentrali0960249713.blob.core.windows.net/logsvoiceai/Pa_amt_320-4.wav,unknown,['amount_of_money-320'],//home/NPCI-Model-deploy/transactional-voice-ai_serving_dev/fastapi_client/data/pa/npci_pipeline_benchmark/audio/Pa_amt_320-4.wav,ਤਿੰਨ ਸੌ ਵੀਹ ਰੁਪਏ,inform,['amount_of_money-320']
https://dhruvacentrali0960249713.blob.core.windows.net/logsvoiceai/audio-6Pui5DwUe8VdVVgw2QwUe7.wav,balance_check,[],//home/NPCI-Model-deploy/transactional-voice-ai_serving_dev/fastapi_client/data/pa/npci_pipeline_benchmark/audio/audio-6Pui5DwUe8VdVVgw2QwUe7.wav,ਮੈਂ ਆਪਣੇ ਬੈਂਕ ਖਾਤੇ ਦਾ ਬੈਲੇਂਸ ਚੇਕ ਕਰਨਾ ਚਾਹੁਦਾ,balance_check,[]
https://dhruvacentrali0960249713.blob.core.windows.net/logsvoiceai/audio-AdbMMQMtSW38f8eX99fw3B.wav,balance_check,[],//home/NPCI-Model-deploy/transactional-voice-ai_serving_dev/fastapi_client/data/pa/npci_pipeline_benchmark/audio/audio-AdbMMQMtSW38f8eX99fw3B.wav,ਮੈਂ ਆਪਦੇ ਬੈਂਕ ਖਾਤੇ ਦਾ ਬੈਲੇਂਸ ਚੇਕ ਕਰਨਾ ਚਾਹੁੰਦਾ ਹਾਂ,balance_check,[]
https://dhruvacentrali0960249713.blob.core.windows.net/logsvoiceai/audio-JjWjd2emyBrXLmi2MpeTEQ.wav,balance_check,[],//home/NPCI-Model-deploy/transactional-voice-ai_serving_dev/fastapi_client/data/pa/npci_pipeline_benchmark/audio/audio-JjWjd2emyBrXLmi2MpeTEQ.wav,ਮੈਂ ਆਪਦੇ ਬੈਂਕ ਖਾਤੇ ਦਾ ਬੈਲੇਂਸ ਚੇਕ ਕਰਨਾ ਚਾਹੁਨਾ,balance_check,[]
https://dhruvacentrali0960249713.blob.core.windows.net/logsvoiceai/audio-67RXLRBsnzeTvmmrNsEfRr.wav,p2p_transfer,[],//home/NPCI-Model-deploy/transactional-voice-ai_serving_dev/fastapi_client/data/pa/npci_pipeline_benchmark/audio/audio-67RXLRBsnzeTvmmrNsEfRr.wav,ਮੋਨੀ ਟ੍ਰਾਂਸਫਰ ਕਰੋ,p2p_transfer,[]
https://dhruvacentrali0960249713.blob.core.windows.net/logsvoiceai/audio-Bt5iXgUPih6EBycY8sVger.wav,p2p_transfer,[],//home/NPCI-Model-deploy/transactional-voice-ai_serving_dev/fastapi_client/data/pa/npci_pipeline_benchmark/audio/audio-Bt5iXgUPih6EBycY8sVger.wav,ਮੋਨੀ ਟ੍ਰਾਂਸਫਰ ਕਰੋ,p2p_transfer,[]
https://dhruvacentrali0960249713.blob.core.windows.net/logsvoiceai/audio-3nYk4Ks69CbHgt3zsDDV8V.wav,p2p_transfer,[],//home/NPCI-Model-deploy/transactional-voice-ai_serving_dev/fastapi_client/data/pa/npci_pipeline_benchmark/audio/audio-3nYk4Ks69CbHgt3zsDDV8V.wav,ਮੋਨੀ ਟ੍ਰਾਂਸਫਰ ਕਰੋ,p2p_transfer,[]
https://dhruvacentrali0960249713.blob.core.windows.net/logsvoiceai/audio-QGuTWhUNiwncQDo2fBMmab.wav,balance_check,[],//home/NPCI-Model-deploy/transactional-voice-ai_serving_dev/fastapi_client/data/pa/npci_pipeline_benchmark/audio/audio-QGuTWhUNiwncQDo2fBMmab.wav,ਬੈਲੇਂਸ ਚੇਕ ਕਰੋ,balance_check,[]
https://dhruvacentrali0960249713.blob.core.windows.net/logsvoiceai/audio-fRqug5q2AFSK9LFMZC4N3E.wav,balance_check,[],//home/NPCI-Model-deploy/transactional-voice-ai_serving_dev/fastapi_client/data/pa/npci_pipeline_benchmark/audio/audio-fRqug5q2AFSK9LFMZC4N3E.wav,ਬੈਲਸ ਚੇਕ ਕਰੋ,balance_check,[]
https://dhruvacentrali0960249713.blob.core.windows.net/logsvoiceai/N6bQD6PmfoqoPEsfv4DDMi.wav,balance_check,[],//home/NPCI-Model-deploy/transactional-voice-ai_serving_dev/fastapi_client/data/pa/npci_pipeline_benchmark/audio/N6bQD6PmfoqoPEsfv4DDMi.wav,ਬੈਲੇਂਸ ਛੇ,balance_check,[]
https://dhruvacentrali0960249713.blob.core.windows.net/logsvoiceai/AUD-20240129-WA0091.wav,mobile_recharge_prepaid,"['mobile_number-9989767178', 'telephone_operator-vodafone']",//home/NPCI-Model-deploy/transactional-voice-ai_serving_dev/fastapi_client/data/pa/npci_pipeline_benchmark/audio/AUD-20240129-WA0091.wav,ਮੈਂ ਆਪਣੇ ਵੋਡਾਫੋਨ ਨੰਬਰ ਨੌ ਨੌਂ ਅੱਠ ਨੌਂ ਸੱਤ ਛੇ ਸੱਤ ਇੱਕ ਸੱਤ ਅੱਠ ਦਾ ਰੇਚਾਰਜ ਕਰਾਉਣਾ,mobile_recharge_prepaid,"['mobile_number-9989767178', 'telephone_operator-Vodafone']"
https://dhruvacentrali0960249713.blob.core.windows.net/logsvoiceai/n4cPhS72kWdwVJ9o8ysiWb.wav,p2p_transfer,[],//home/NPCI-Model-deploy/transactional-voice-ai_serving_dev/fastapi_client/data/pa/npci_pipeline_benchmark/audio/n4cPhS72kWdwVJ9o8ysiWb.wav,ਮੋਨੀ ਟ੍ਰਾਂਸਫਰ,p2p_transfer,[]
https://dhruvacentrali0960249713.blob.core.windows.net/logsvoiceai/6nxFajYqojU6tXprAf9hzh.wav,fastag_recharge,[],//home/NPCI-Model-deploy/transactional-voice-ai_serving_dev/fastapi_client/data/pa/npci_pipeline_benchmark/audio/6nxFajYqojU6tXprAf9hzh.wav,ਫਾਸਟੈਗ ਰੀਚਾਰਜ,fastag_recharge,[]
https://dhruvacentrali0960249713.blob.core.windows.net/logsvoiceai/gPfzWEkhAq54bNFBj2G2W6.wav,unknown,[],//home/NPCI-Model-deploy/transactional-voice-ai_serving_dev/fastapi_client/data/pa/npci_pipeline_benchmark/audio/gPfzWEkhAq54bNFBj2G2W6.wav,ਪੈਸੇ ਭੁਗਤਾਨ ਕਰਨਾ ਹੈ,confirm,[]
https://dhruvacentrali0960249713.blob.core.windows.net/logsvoiceai/ZbzZ4mEPapf5w4ntHe2cL7.wav,electricity_payment,[],//home/NPCI-Model-deploy/transactional-voice-ai_serving_dev/fastapi_client/data/pa/npci_pipeline_benchmark/audio/ZbzZ4mEPapf5w4ntHe2cL7.wav,ਬਿਜਲੀ ਬਿੱਲੀ,electricity_payment,[]
https://dhruvacentrali0960249713.blob.core.windows.net/logsvoiceai/7WEBAZ3TaA47Yvan7KWEtJ.wav,gas_payment,[],//home/NPCI-Model-deploy/transactional-voice-ai_serving_dev/fastapi_client/data/pa/npci_pipeline_benchmark/audio/7WEBAZ3TaA47Yvan7KWEtJ.wav,ਗੈਸ ਭੁਗਤਾਨ ਕਰੋ,gas_payment,[]
https://dhruvacentrali0960249713.blob.core.windows.net/logsvoiceai/h7biHHccg7mCbCiXkuhxcx.wav,mobile_recharge_postpaid,[],//home/NPCI-Model-deploy/transactional-voice-ai_serving_dev/fastapi_client/data/pa/npci_pipeline_benchmark/audio/h7biHHccg7mCbCiXkuhxcx.wav,ਮੋਬਾਇਲ ਭੁਗਤਾਨ ਕਰਨ,mobile_recharge_prepaid,[]
https://dhruvacentrali0960249713.blob.core.windows.net/logsvoiceai/G7gwXDYLmsUqTvXdhgXfz8.wav,p2p_transfer,[],//home/NPCI-Model-deploy/transactional-voice-ai_serving_dev/fastapi_client/data/pa/npci_pipeline_benchmark/audio/G7gwXDYLmsUqTvXdhgXfz8.wav,ਮੋਨੀ ਟ੍ਰਾਂਸਫਰ ਓਕ ਕੋਟਕ ਅਗਨ,p2p_transfer,[]
https://dhruvacentrali0960249713.blob.core.windows.net/logsvoiceai/cWzEtuEHriADfBu87SPDvn.wav,p2p_transfer,[],//home/NPCI-Model-deploy/transactional-voice-ai_serving_dev/fastapi_client/data/pa/npci_pipeline_benchmark/audio/cWzEtuEHriADfBu87SPDvn.wav,ਮੈਂ ਆਪਣੇ ਦੋਸਤ ਨੂੰ ਮੋਨੀ ਪੈਸੇ ਟ੍ਰਾਂਸਫਰ ਕਰਨਾ ਚਾਹੁੰਦਾ ਹਾਂ,p2p_transfer,[]
https://dhruvacentrali0960249713.blob.core.windows.net/logsvoiceai/BbVB4VVXjijuiydpiNznSd.wav,unknown,['mobile_number-9886270400'],//home/NPCI-Model-deploy/transactional-voice-ai_serving_dev/fastapi_client/data/pa/npci_pipeline_benchmark/audio/BbVB4VVXjijuiydpiNznSd.wav,ਸਿਫਰ ਸਿਫਰ ਨੋਂ ਅੱਠ ਅੱਠ ਛੇ ਦੋ ਸੱਤ ਸਿਫਰ ਚਾਰ ਸਿਫਰ ਸਿਫਰ,inform,[]
https://dhruvacentrali0960249713.blob.core.windows.net/logsvoiceai/X7f79botDWRAFMoaJohJGt.wav,mobile_recharge_prepaid,[],//home/NPCI-Model-deploy/transactional-voice-ai_serving_dev/fastapi_client/data/pa/npci_pipeline_benchmark/audio/X7f79botDWRAFMoaJohJGt.wav,ਮੈਂ ਕਿਸੇ ਦਾ ਮੋਬਾਇਲ ਰੇਚਾਰਜ ਕਰਵਾਉਣਾ ਚਾਹੁੰਦਾ ਹਾਂ,mobile_recharge_prepaid,[]
https://dhruvacentrali0960249713.blob.core.windows.net/logsvoiceai/Ztcjz9AraNrGZw5sZqwZdW.wav,balance_check,[],//home/NPCI-Model-deploy/transactional-voice-ai_serving_dev/fastapi_client/data/pa/npci_pipeline_benchmark/audio/Ztcjz9AraNrGZw5sZqwZdW.wav,ਆਪਣਾ ਬੈਂਕ ਬੈਲੇਂਸ ਚੇਕ ਕਰਨਾ ਪਿਆ,balance_check,[]
https://dhruvacentrali0960249713.blob.core.windows.net/logsvoiceai/7CEn5YK6g3kxF7Zm6BAKUS.wav,balance_check,[],//home/NPCI-Model-deploy/transactional-voice-ai_serving_dev/fastapi_client/data/pa/npci_pipeline_benchmark/audio/7CEn5YK6g3kxF7Zm6BAKUS.wav,ਬੈਂਕ ਬੈਂਕ ਚੱਕਰਾ,inform,[]
https://dhruvacentrali0960249713.blob.core.windows.net/logsvoiceai/Bwh9gjBfFv54zqXaVhfQAS.wav,balance_check,[],//home/NPCI-Model-deploy/transactional-voice-ai_serving_dev/fastapi_client/data/pa/npci_pipeline_benchmark/audio/Bwh9gjBfFv54zqXaVhfQAS.wav,ਬੈਂਕ ਵੇਰੀ ਚੇ ਇੱਕ ਕਰਨਾ ਚਾਹੀ,balance_check,[]
https://dhruvacentrali0960249713.blob.core.windows.net/logsvoiceai/mgDXAjPqCGiYSZLVYVANiu.wav,balance_check,[],//home/NPCI-Model-deploy/transactional-voice-ai_serving_dev/fastapi_client/data/pa/npci_pipeline_benchmark/audio/mgDXAjPqCGiYSZLVYVANiu.wav,ਬੈਂਕ ਬੈਲੇਂਸ ਸੱਤਰ ਜ,balance_check,[]
https://dhruvacentrali0960249713.blob.core.windows.net/logsvoiceai/8o3haWvL3EnkbE8VjheZHY.wav,balance_check,[],//home/NPCI-Model-deploy/transactional-voice-ai_serving_dev/fastapi_client/data/pa/npci_pipeline_benchmark/audio/8o3haWvL3EnkbE8VjheZHY.wav,ਬੈਂਕ ਬੈਂਕ ਛੇ,inform,[]
https://dhruvacentrali0960249713.blob.core.windows.net/logsvoiceai/7k2r9uT5EEb4NJUpqzKwbi.wav,balance_check,[],//home/NPCI-Model-deploy/transactional-voice-ai_serving_dev/fastapi_client/data/pa/npci_pipeline_benchmark/audio/7k2r9uT5EEb4NJUpqzKwbi.wav,ਬੈਂਕ ਬੈਲੇਂਸ ਛੇ ਇੱਕ ਦੋ,balance_check,[]
https://dhruvacentrali0960249713.blob.core.windows.net/logsvoiceai/VnSXegJEsCKYFtu9xQJMp5.wav,balance_check,[],//home/NPCI-Model-deploy/transactional-voice-ai_serving_dev/fastapi_client/data/pa/npci_pipeline_benchmark/audio/VnSXegJEsCKYFtu9xQJMp5.wav,ਬੈਂਕ ਪੰਜ ਛੇ ਇੱਕ,inform,[]
https://dhruvacentrali0960249713.blob.core.windows.net/logsvoiceai/YgA57UtpfAGvgtbUoAET7d.wav,balance_check,[],//home/NPCI-Model-deploy/transactional-voice-ai_serving_dev/fastapi_client/data/pa/npci_pipeline_benchmark/audio/YgA57UtpfAGvgtbUoAET7d.wav,ਬੈਂਕ ਬੈਲੇਂਸ ਛੇ,balance_check,[]
https://dhruvacentrali0960249713.blob.core.windows.net/logsvoiceai/mRdztUWRmjHLmEHYd6xSxx.wav,balance_check,[],//home/NPCI-Model-deploy/transactional-voice-ai_serving_dev/fastapi_client/data/pa/npci_pipeline_benchmark/audio/mRdztUWRmjHLmEHYd6xSxx.wav,ਬੈਂਕ ਬੈਲੇਂਸ ਚੇਕ ਕਰਨਾਓ,balance_check,[]
https://dhruvacentrali0960249713.blob.core.windows.net/logsvoiceai/M4aEMFNgV7AP9BvxfmNu2x.wav,balance_check,[],//home/NPCI-Model-deploy/transactional-voice-ai_serving_dev/fastapi_client/data/pa/npci_pipeline_benchmark/audio/M4aEMFNgV7AP9BvxfmNu2x.wav,ਬੈਂਕ ਬੈਲੇਂਸ ਚੇਕ ਕਰ ਲਓ,balance_check,[]
https://dhruvacentrali0960249713.blob.core.windows.net/logsvoiceai/NZwwkNQiSn7CmJY6eYFkVa.wav,balance_check,[],//home/NPCI-Model-deploy/transactional-voice-ai_serving_dev/fastapi_client/data/pa/npci_pipeline_benchmark/audio/NZwwkNQiSn7CmJY6eYFkVa.wav,ਬੈਂਕ ਬੈਲੇਂਸ ਸਿਟੀ ਚੇਕ ਤੇਈ ਲਾ,balance_check,[]
https://dhruvacentrali0960249713.blob.core.windows.net/logsvoiceai/6aJ96tYZo7ptn2S9QSYr8A.wav,balance_check,[],//home/NPCI-Model-deploy/transactional-voice-ai_serving_dev/fastapi_client/data/pa/npci_pipeline_benchmark/audio/6aJ96tYZo7ptn2S9QSYr8A.wav,ਬੈਂਕ ਵਾਲੇਟ ਚੇਕਰ ਨੋ,inform,[]
https://dhruvacentrali0960249713.blob.core.windows.net/logsvoiceai/Jv4PdxvQeacnxuangZR8bh.wav,balance_check,[],//home/NPCI-Model-deploy/transactional-voice-ai_serving_dev/fastapi_client/data/pa/npci_pipeline_benchmark/audio/Jv4PdxvQeacnxuangZR8bh.wav,ਆਪਣੇ ਬੈਂਕ ਸੈਂਟ ਚੇਕ ਕਰਨਾ ਤੇਈ ਆ,balance_check,[]
https://dhruvacentrali0960249713.blob.core.windows.net/logsvoiceai/HM8XqjLzM8feEAqztXF3K8.wav,unknown,['mobile_number-9655816883'],//home/NPCI-Model-deploy/transactional-voice-ai_serving_dev/fastapi_client/data/pa/npci_pipeline_benchmark/audio/HM8XqjLzM8feEAqztXF3K8.wav,ਨਾਈਨ ਸਿਕਸ ਡਬਲ ਫਰਸਟ ਹੋਨ ਸਕਸ ਐਟ ਐਟ ਥ੍ਰੀ,inform,[]
https://dhruvacentrali0960249713.blob.core.windows.net/logsvoiceai/QAnY43bh6rLeSCRPzopU6T.wav,unknown,['mobile_number-8825744732'],//home/NPCI-Model-deploy/transactional-voice-ai_serving_dev/fastapi_client/data/pa/npci_pipeline_benchmark/audio/QAnY43bh6rLeSCRPzopU6T.wav,ਟੂ ਫ਼ਾਈਰ ਸੇਵਨ ਡਬਲ ਫੋਰ ਸੇਵ ਨ ਥ੍ਰੀ ਟੂ,inform,[]
https://dhruvacentrali0960249713.blob.core.windows.net/logsvoiceai/m22gfhtrRu8aRaEWhifpU5.wav,balance_check,[],//home/NPCI-Model-deploy/transactional-voice-ai_serving_dev/fastapi_client/data/pa/npci_pipeline_benchmark/audio/m22gfhtrRu8aRaEWhifpU5.wav,ਬਲਨ ਛੇ,inform,[]
https://dhruvacentrali0960249713.blob.core.windows.net/logsvoiceai/SAWhrdent9gQTow54SGhDu.wav,balance_check,[],//home/NPCI-Model-deploy/transactional-voice-ai_serving_dev/fastapi_client/data/pa/npci_pipeline_benchmark/audio/SAWhrdent9gQTow54SGhDu.wav,ਬੈਲੇਂਸ ਚੇਕ,balance_check,[]
https://dhruvacentrali0960249713.blob.core.windows.net/logsvoiceai/4N9kvYeLk6abTtTEqKoU96.wav,balance_check,[],//home/NPCI-Model-deploy/transactional-voice-ai_serving_dev/fastapi_client/data/pa/npci_pipeline_benchmark/audio/4N9kvYeLk6abTtTEqKoU96.wav,ਬੈਲੇਸ ਚੈੱਕ ਕਰਨਾ ਚਾਹੁੰਦੇ ਹਾਂ,balance_check,[]
https://dhruvacentrali0960249713.blob.core.windows.net/logsvoiceai/niVy67BezKM9vf5QHGPvGg.wav,p2p_transfer,[],//home/NPCI-Model-deploy/transactional-voice-ai_serving_dev/fastapi_client/data/pa/npci_pipeline_benchmark/audio/niVy67BezKM9vf5QHGPvGg.wav,ਅਸੀਂ ਮੈਨੇ ਟਰਾਂਸਫਰ ਕਰਨਾ ਚਾਹੁੰਦੇ ਹਾਂ,p2p_transfer,[]
https://dhruvacentrali0960249713.blob.core.windows.net/logsvoiceai/PSjBuciG5Zcf2JMRrr7SSd.wav,p2p_transfer,[],//home/NPCI-Model-deploy/transactional-voice-ai_serving_dev/fastapi_client/data/pa/npci_pipeline_benchmark/audio/PSjBuciG5Zcf2JMRrr7SSd.wav,ਨਹੀਂ ਟਰਾਂਸਫਰ ਕਰਨਾ ਚਾਹੁੰਦਾ,p2p_transfer,[]
https://dhruvacentrali0960249713.blob.core.windows.net/logsvoiceai/RcunakW5C6ANXsAWfT9VbG.wav,unknown,['mobile_number-8607281728'],//home/NPCI-Model-deploy/transactional-voice-ai_serving_dev/fastapi_client/data/pa/npci_pipeline_benchmark/audio/RcunakW5C6ANXsAWfT9VbG.wav,ਏਟ ਸਿਕਸ ਜ਼ੀਰੋ ਸੇਵਨ ਟੂ ਏਟ ਵਨ ਸੇਵਨ ਟੂ ਏਟ,inform,['mobile_number-8607281728']
https://dhruvacentrali0960249713.blob.core.windows.net/logsvoiceai/6mJDGjmQyUp3nhJahvwHGG.wav,p2p_transfer,[],//home/NPCI-Model-deploy/transactional-voice-ai_serving_dev/fastapi_client/data/pa/npci_pipeline_benchmark/audio/6mJDGjmQyUp3nhJahvwHGG.wav,ਅਸੀਂ ਮਨੀ ਟ੍ਰਾਂਸਫਰ ਕਰਨਾ ਚਾਹੁੰਦੇ ਹਾਂ,p2p_transfer,[]
https://dhruvacentrali0960249713.blob.core.windows.net/logsvoiceai/QuHz84GdiZ4BhRX4t2o2DK.wav,unknown,['mobile_number-7667837100'],//home/NPCI-Model-deploy/transactional-voice-ai_serving_dev/fastapi_client/data/pa/npci_pipeline_benchmark/audio/QuHz84GdiZ4BhRX4t2o2DK.wav,ਸੱਤ ਛੇ ਛੇ ਸੱਤ ਅੱਠ ਤਿੰਨ ਸੱਤ ਇੱਕ ਸਿਫਰ ਸਿਫਰ,inform,['mobile_number-7667837100']
https://dhruvacentrali0960249713.blob.core.windows.net/logsvoiceai/Yc8FNCWg3az3BnHrcgsEp5.wav,p2p_transfer,[],//home/NPCI-Model-deploy/transactional-voice-ai_serving_dev/fastapi_client/data/pa/npci_pipeline_benchmark/audio/Yc8FNCWg3az3BnHrcgsEp5.wav,ਅਸੀਂ ਮਨੀ ਟਰਾਂਸਫਰ ਕਰਨਾ ਚਾਹੁੰਦੇ ਹਾਂ,p2p_transfer,[]
https://dhruvacentrali0960249713.blob.core.windows.net/logsvoiceai/iVZ27XEAjjdE4aJK9rr4y6.wav,mobile_recharge_postpaid,[],//home/NPCI-Model-deploy/transactional-voice-ai_serving_dev/fastapi_client/data/pa/npci_pipeline_benchmark/audio/iVZ27XEAjjdE4aJK9rr4y6.wav,ਮੋਬਾਇਲ ਵਿ ਚਾਰ ਕਰਨਾ ਵਾ ਮੈਂ,mobile_recharge_prepaid,[]
https://dhruvacentrali0960249713.blob.core.windows.net/logsvoiceai/FzhZk7RDsEBczLdgMrQGFk.wav,unknown,['mobile_number-9029601406'],//home/NPCI-Model-deploy/transactional-voice-ai_serving_dev/fastapi_client/data/pa/npci_pipeline_benchmark/audio/FzhZk7RDsEBczLdgMrQGFk.wav,ਨੀਨ ਜ਼ੀਰੋ ਟੂ ਨੀਨ ਸਿਕਸ ਜ਼ੀਰੋ ਹੋਨ ਫੋਰ ਜ਼ੀਰੋ ਸਿਕਸ,inform,[]
https://dhruvacentrali0960249713.blob.core.windows.net/logsvoiceai/e6jVsBzbLKbAV4Tu2D9XLA.wav,unknown,['mobile_number-7738734183'],//home/NPCI-Model-deploy/transactional-voice-ai_serving_dev/fastapi_client/data/pa/npci_pipeline_benchmark/audio/e6jVsBzbLKbAV4Tu2D9XLA.wav,ਡਬਲ ਸੇਵਨ ਥਰੀੀ ਇਟ ਸੇਵਨ ਥਰੀੀ ਫੋਰ ਹੋਨ ਇਟ ਥਰੀੀ,inform,[]
https://dhruvacentrali0960249713.blob.core.windows.net/logsvoiceai/6QCWTU2Uueg8D9F2va97nb.wav,fastag_recharge,[],//home/NPCI-Model-deploy/transactional-voice-ai_serving_dev/fastapi_client/data/pa/npci_pipeline_benchmark/audio/6QCWTU2Uueg8D9F2va97nb.wav,ਫਾਸਟ੍ਗ ਫਾਸਟ੍ਗ ਦੀ ਪੈਮੈਂਟ ਕਰਨੀ ਆ,fastag_recharge,[]
https://dhruvacentrali0960249713.blob.core.windows.net/logsvoiceai/ErWpUZ44yGXP2cmXX4GGvr.wav,fastag_recharge,[],//home/NPCI-Model-deploy/transactional-voice-ai_serving_dev/fastapi_client/data/pa/npci_pipeline_benchmark/audio/ErWpUZ44yGXP2cmXX4GGvr.wav,ਮੈਨੂੰ ਆਪਣਾ ਫਾਸਟੈਗ ਨੰਬਰ ਕਰ ਦੀ ਲੋੜ ਹੈ,fastag_recharge,[]
https://dhruvacentrali0960249713.blob.core.windows.net/logsvoiceai/XrKLkB8nuMUPmam7jU6WSr.wav,mobile_recharge_prepaid,[],//home/NPCI-Model-deploy/transactional-voice-ai_serving_dev/fastapi_client/data/pa/npci_pipeline_benchmark/audio/XrKLkB8nuMUPmam7jU6WSr.wav,ਮੈਨੂੰ ਆਪਣਾ ਮੋਬਾਇਲ ਨੰਬਰ ਰੇਚਾਰਜ ਕਰਵਾਉਣ ਦੀ ਲੋੜ ਹੈ,mobile_recharge_prepaid,[]
https://dhruvacentrali0960249713.blob.core.windows.net/logsvoiceai/b2XRcoVX6Nt6doSkAqUCBH.wav,unknown,['mobile_number-9848451881'],//home/NPCI-Model-deploy/transactional-voice-ai_serving_dev/fastapi_client/data/pa/npci_pipeline_benchmark/audio/b2XRcoVX6Nt6doSkAqUCBH.wav,ਨਾਈਨ ਏਟ ਫਰ ਏਟ ਫਰ ਫਾਈਵ ਵਨ ਡਬਲ ਏਟ ਵਨ,inform,['mobile_number-9848451881']
https://dhruvacentrali0960249713.blob.core.windows.net/logsvoiceai/Zakba63NHSpZ9i6tLVWq8a.wav,p2p_transfer,['amount_of_money-20'],//home/NPCI-Model-deploy/transactional-voice-ai_serving_dev/fastapi_client/data/pa/npci_pipeline_benchmark/audio/Zakba63NHSpZ9i6tLVWq8a.wav,ਮੈਨੂੰ ਨਵਯ ਨੌ ਟਵੈਂਟੀ ਰੁਪੀਜ਼ ਟ੍ਰਾਂਸਫਰ ਕਰਾਉਣ ਦੀ ਲੋੜ ਹੈ,p2p_transfer,['amount_of_money-920']
https://dhruvacentrali0960249713.blob.core.windows.net/logsvoiceai/H8SNWY2AmRW9VNexh3EWs2.wav,p2p_transfer,[],//home/NPCI-Model-deploy/transactional-voice-ai_serving_dev/fastapi_client/data/pa/npci_pipeline_benchmark/audio/H8SNWY2AmRW9VNexh3EWs2.wav,ਮੋਨੀ ਟ੍ਰਾਂਸਫਰ,p2p_transfer,[]
https://dhruvacentrali0960249713.blob.core.windows.net/logsvoiceai/Pa_amt_300-2.wav,unknown,['amount_of_money-300'],//home/NPCI-Model-deploy/transactional-voice-ai_serving_dev/fastapi_client/data/pa/npci_pipeline_benchmark/audio/Pa_amt_300-2.wav,ਤਿੰਨ ਸੌ ਰੁਪਏ,inform,['amount_of_money-300']
https://dhruvacentrali0960249713.blob.core.windows.net/logsvoiceai/Pa_amt_25-13.wav,unknown,['amount_of_money-25'],//home/NPCI-Model-deploy/transactional-voice-ai_serving_dev/fastapi_client/data/pa/npci_pipeline_benchmark/audio/Pa_amt_25-13.wav,ਪੱਚੀ ਰੁਪਏ,inform,['amount_of_money-25']
https://dhruvacentrali0960249713.blob.core.windows.net/logsvoiceai/B4VgSntrEnF5fpwrhuBpjb.wav,p2p_transfer,[],//home/NPCI-Model-deploy/transactional-voice-ai_serving_dev/fastapi_client/data/pa/npci_pipeline_benchmark/audio/B4VgSntrEnF5fpwrhuBpjb.wav,ਮੋਨੀ ਟਾਂਸਲ,inform,[]
https://dhruvacentrali0960249713.blob.core.windows.net/logsvoiceai/n2ZeYoAzgouzrYcacfvLyp.wav,p2p_transfer,[],//home/NPCI-Model-deploy/transactional-voice-ai_serving_dev/fastapi_client/data/pa/npci_pipeline_benchmark/audio/n2ZeYoAzgouzrYcacfvLyp.wav,ਮਨੀ ਮਨੀ ਟਰਾਂਸਪੋਰ,p2p_transfer,[]
https://dhruvacentrali0960249713.blob.core.windows.net/logsvoiceai/mnRdSwfrvcVK6W8x3dm7fe.wav,p2p_transfer,[],//home/NPCI-Model-deploy/transactional-voice-ai_serving_dev/fastapi_client/data/pa/npci_pipeline_benchmark/audio/mnRdSwfrvcVK6W8x3dm7fe.wav,ਮੈਂ ਪੈਸੇ ਵੇਜਣਾ ਚਾਹੁੰਦਾ ਹਾਂ,cancel,[]
https://dhruvacentrali0960249713.blob.core.windows.net/logsvoiceai/WL7sypiDSeW49eWtzoMUvj.wav,balance_check,[],//home/NPCI-Model-deploy/transactional-voice-ai_serving_dev/fastapi_client/data/pa/npci_pipeline_benchmark/audio/WL7sypiDSeW49eWtzoMUvj.wav,ਮੈਂ ਆਪਣਾ ਬੈਂਕ ਦਾ ਬੈਲੇਂਸ ਚੇਕ ਕਰਨਾ ਚਾਹੁੰਦਾ ਹਾਂ,balance_check,[]
https://dhruvacentrali0960249713.blob.core.windows.net/logsvoiceai/AUD220220241.wav,mobile_recharge_prepaid,"['amount_of_money-200', 'mobile_number-8125796346', 'telephone_operator-jio']",//home/NPCI-Model-deploy/transactional-voice-ai_serving_dev/fastapi_client/data/pa/npci_pipeline_benchmark/audio/AUD220220241.wav,ਮੈਨੂੰ ਆਪਣਾ ਜੀਓ ਨੰਬਰ ਏਟ ਵਨ ਟੂ ਫਾਈਵ ਸੈਵਨ ਨਾਈਨ ਸਿਕਸ ਥ੍ਰੀ ਫੋੌਰ ਸਿਕਸ ਦੋ ਸੌ ਰੁਪਇਆ ਨਾਲ ਰੀਚਾਰਜ ਕਰਵਾਉਨਾ ਹੈ,mobile_recharge_prepaid,"['mobile_number-8125796346', 'amount_of_money-200', 'telephone_operator-Jio']"
https://dhruvacentrali0960249713.blob.core.windows.net/logsvoiceai/AUD2202202410.wav,fastag_recharge,"['amount_of_money-800', 'vehicle_number-up06gz4151']",//home/NPCI-Model-deploy/transactional-voice-ai_serving_dev/fastapi_client/data/pa/npci_pipeline_benchmark/audio/AUD2202202410.wav,ਮੈਨੂੰ ਆਪਣੀ ਗੱਡੀ ਯੂ ਪੀ ਜ਼ੀਰੋ ਛੇ ਜੀ ਜ਼ੈੱਟ ਫਰ ਵੰਨ ਫਾਈਵ ਵੰਨ ਅੱਠ ਸੌ ਰੁਪਆਂ ਨਾਲ ਫਾਸਤਾਗ ਰੀਚਾਰਜ ਕਰਵਾਉਣਾ ਹੈ,fastag_recharge,['vehicle_number-UP06GZ4151']
https://dhruvacentrali0960249713.blob.core.windows.net/logsvoiceai/AUD2202202411.wav,fastag_recharge,"['amount_of_money-900', 'vehicle_number-ka04kz1100']",//home/NPCI-Model-deploy/transactional-voice-ai_serving_dev/fastapi_client/data/pa/npci_pipeline_benchmark/audio/AUD2202202411.wav,ਮੈਨੂੰ ਆਪਣੀ ਗੱਡੀ ਨੰਬਰ ਕੇ ਏ ਜ਼ੀਰੋ ਫੋਰ ਕੇ ਜ਼ੈੱਡ ਵੰਨ ਵੰਨ ਜ਼ੀਰੋ ਜ਼ੀਰੋ ਨੌਂ ਸੌ ਰੁਪਆਂ ਨਾਲ ਫਾਸਟੈਗ ਰੀਚਾਰਜ ਕਰਵਾਉਣਾ ਹੈ,fastag_recharge,['vehicle_number-KA04KZ1100']
https://dhruvacentrali0960249713.blob.core.windows.net/logsvoiceai/AUD2202202412.wav,fastag_recharge,"['amount_of_money-600', 'vehicle_number-mp04ag1100']",//home/NPCI-Model-deploy/transactional-voice-ai_serving_dev/fastapi_client/data/pa/npci_pipeline_benchmark/audio/AUD2202202412.wav,ਮੈਨੂੰ ਆਪਣੀ ਗੱਡੀ ਨੰਬਰ ਐੱਮ ਪੀ ਜ਼ੀਰੋ ਫੋਰ ਏ ਜੀ ਵਨ ਵਨ ਜ਼ੀਰੋ ਜ਼ੀਰੋ ਕਾ ਛੇ ਸੌ ਰੁਪਏ ਨਾਲ ਫਾਸਟੈਗ ਰੀਚਾਰਜ ਕਰਾਉਣਾ ਹੈ,fastag_recharge,"['vehicle_number-MP04AG1100', 'amount_of_money-600']"
https://dhruvacentrali0960249713.blob.core.windows.net/logsvoiceai/AUD2202202413.wav,fastag_recharge,"['amount_of_money-700', 'vehicle_number-tn04bz1104']",//home/NPCI-Model-deploy/transactional-voice-ai_serving_dev/fastapi_client/data/pa/npci_pipeline_benchmark/audio/AUD2202202413.wav,ਮੈਨੂੰ ਆਪਣੀ ਗੱਡੀ ਨੰਬਰ ਟੀ ਐੱਨ ਜ਼ੀਰੋ ਫੋਰ ਬੀ ਜ਼ੈੱਡ ਵੰਨ ਵੰਨ ਜ਼ੀਰੋ ਫੋਰ ਨਾਲ ਸੱਤ ਸੌ ਰੁਪਇਆਂ ਦਾਾ ਫਾਸਟਾਗ ਰੀਚਾਰਜ ਕਰਾਉਨਾ ਹੈ,fastag_recharge,"['vehicle_number-TN04BZ1104', 'amount_of_money-700']"
https://dhruvacentrali0960249713.blob.core.windows.net/logsvoiceai/AUD2202202414.wav,fastag_recharge,"['amount_of_money-250', 'vehicle_number-mh06gb1121']",//home/NPCI-Model-deploy/transactional-voice-ai_serving_dev/fastapi_client/data/pa/npci_pipeline_benchmark/audio/AUD2202202414.wav,ਮੈਨੂੰ ਆਪਣੀ ਗੱਡੀ ਨੰਬਰ ਐੱਮ ਐੱਚ ਜ਼ੀਰੋ ਛੇ ਜੀ ਬੀ ਵੰਨ ਵੰਨ ਟੂ ਵਨ ਨ ਦਾ ਦੋ ਸੌ ਪੰਜਾਹ ਰੁਪਿਆਂ ਨਾਲ ਫਾਸਟੈਗ ਰੀਚਾਰਜ ਕਰਾਉਂਨਾ ਹੈ,fastag_recharge,"['vehicle_number-MH06GB1121', 'amount_of_money-250']"
https://dhruvacentrali0960249713.blob.core.windows.net/logsvoiceai/AUD2202202415.wav,fastag_recharge,"['amount_of_money-750', 'vehicle_number-pb03bg5412']",//home/NPCI-Model-deploy/transactional-voice-ai_serving_dev/fastapi_client/data/pa/npci_pipeline_benchmark/audio/AUD2202202415.wav,ਮੈਨੂੰ ਆਪਣੀ ਗੱਡੀ ਨੰਬਰ ਪੀ ਬੀ ਜ਼ੀਰੋ ਥ੍ਰ ਬੀ ਜੀ ਫਾਈਵ ਫੋਰ ਵੰਨ ਟੂ ਦਾ ਸੱਤ ਸੌ ਪੰਜਾਹ ਰੁਪਏ ਨਾਲ ਫਾਸਟੈਗ ਰੀਚਾਰਜ ਕਰਵਾਉਂਦਾ ਹੈ,fastag_recharge,"['vehicle_number-PB03BG5412', 'amount_of_money-750']"
https://dhruvacentrali0960249713.blob.core.windows.net/logsvoiceai/AUD2202202416.wav,fastag_recharge,"['amount_of_money-950', 'vehicle_number-wb06bb5401']",//home/NPCI-Model-deploy/transactional-voice-ai_serving_dev/fastapi_client/data/pa/npci_pipeline_benchmark/audio/AUD2202202416.wav,ਮੈਨੂੰ ਆਪਣੀ ਗੱਡੀ ਨੰਬਰ ਡਬਲਿਯੂ ਬੀ ਜ਼ੀਰੋ ਸਿਕਸ ਬੀ ਬੀ ਫਾਈਵ ਫੋਰ ਜ਼ੀਰੋ ਵੰਨ ਦਾ ਨੌਂ ਸੌ ਪੰਜਾਹ ਰੁਪਏ ਨਾਲ ਫਾਸਟੈਗ ਰੀਚਾਰਜ ਕਰਵਾਉਂਦਾ ਹੈ,fastag_recharge,"['vehicle_number-WB06BB5401', 'amount_of_money-950']"
https://dhruvacentrali0960249713.blob.core.windows.net/logsvoiceai/AUD2202202417.wav,fastag_recharge,"['amount_of_money-250', 'vehicle_number-hr04az1101']",//home/NPCI-Model-deploy/transactional-voice-ai_serving_dev/fastapi_client/data/pa/npci_pipeline_benchmark/audio/AUD2202202417.wav,ਮੈਨੂੰ ਆਪਣੀ ਗੱਡੀ ਨੰਬਰ ਐੱਚ ਆਰ ਜ਼ੀਰੋ ਫ਼ੋਰ ਏਜ਼ ਐੱਡ ਵੰਨ ਵੰਨ ਜ਼ੀਰੋ ਵਨ ਦਾ ਦੋ ਸੌ ਪੰਜਾਹ ਰੁਪਏ ਨਾਲ ਫਾਸਟੈਗ ਰੀਚਾਰਜ ਕਰਵਾਉਂਦਾ ਹੈ,fastag_recharge,['amount_of_money-250']
https://dhruvacentrali0960249713.blob.core.windows.net/logsvoiceai/AUD2202202418.wav,fastag_recharge,"['amount_of_money-620', 'vehicle_number-ga43gb5121']",//home/NPCI-Model-deploy/transactional-voice-ai_serving_dev/fastapi_client/data/pa/npci_pipeline_benchmark/audio/AUD2202202418.wav,ਮੈਨੂੰ ਆਪਣੀ ਗੱਡੀ ਨੰਬਰ ਜੀ ਏ ਓ ਥ੍ਰੀ ਜੀ ਬੀ ਫਾਈਵ ਵੰਨ ਟੂ ਵਨ ਦਾ ਛੇ ਸੌ ਵੀਹ ਰੁਪਏਾ ਰੁਪਇਆ ਦਾ ਫਾਸਟੈਗ ਰੀਚਾਰਜ ਕਰਵਾਉਂਦਾ ਹੈ,fastag_recharge,['amount_of_money-620']
https://dhruvacentrali0960249713.blob.core.windows.net/logsvoiceai/AUD2202202419.wav,fastag_recharge,"['amount_of_money-480', 'vehicle_number-br07bg1121']",//home/NPCI-Model-deploy/transactional-voice-ai_serving_dev/fastapi_client/data/pa/npci_pipeline_benchmark/audio/AUD2202202419.wav,ਮੈਨੂੰ ਆਪਣੀ ਗੱਡੀ ਨੰਬਰ ਬੀ ਆਰ ਜ਼ੀਰੋ ਸੈਵਨ ਬੀ ਜੀ ਵਨ ਵੰਨ ਟੂ ਵਨ ਦਾ ਚਾਰ ਸੌ ਅੱਸੀ ਰੁਪਇਆ ਦਾ ਫਾਸਟੈਗ ਰੀਚਾਰਜ ਕਰਾਉਂਦਾ ਹੈ,fastag_recharge,"['vehicle_number-BR07BG1121', 'amount_of_money-480']"
https://dhruvacentrali0960249713.blob.core.windows.net/logsvoiceai/AUD220220242.wav,mobile_recharge_prepaid,"['amount_of_money-300', 'mobile_number-8125796346', 'telephone_operator-airtel']",//home/NPCI-Model-deploy/transactional-voice-ai_serving_dev/fastapi_client/data/pa/npci_pipeline_benchmark/audio/AUD220220242.wav,ਮੈਨੂੰ ਆਪਣਾ ਏਅਰਟੈੱਲ ਨੰਬਰ ਏਟ ਵੰਨ ਟੂ ਫਾਈਵ ਸੈਵਨ ਨਾਈਨ ਸਿਕਸ ਥ੍ਰੀ ਫੌਰ ਸਿਕਸ ਤਿੰਨ ਸੌ ਰੁਪਏ ਨਾਲ ਰੀਚਾਰਜ ਕਰਵਾਉਣਾ ਹੈ,mobile_recharge_prepaid,"['mobile_number-8125796346', 'amount_of_money-300', 'telephone_operator-Airtel']"
https://dhruvacentrali0960249713.blob.core.windows.net/logsvoiceai/AUD2202202420.wav,fastag_recharge,"['amount_of_money-220', 'vehicle_number-rj06ag1154']",//home/NPCI-Model-deploy/transactional-voice-ai_serving_dev/fastapi_client/data/pa/npci_pipeline_benchmark/audio/AUD2202202420.wav,ਮੈਨੂੰ ਆਪਣੀ ਗੱਡੀ ਨੰਬਰ ਆਰ ਜੇ ਜ਼ੀਰੋ ਛੇ ਏ ਜੀ ਵਨ ਵੰਨ ਫਾਈਵ ਫਰ ਦਾ ਦੋ ਸੌ ਵੀਹ ਰੁਪਇਆ ਦਾ ਫਾਸਟੈਗ ਰੀਚਾਰਜ ਕਰਵਾਉਂਦਾ ਹੈ,fastag_recharge,"['vehicle_number-RJ06AG1154', 'amount_of_money-220']"
https://dhruvacentrali0960249713.blob.core.windows.net/logsvoiceai/AUD2202202421.wav,gas_payment,['lpg_gas_provider_name-hindustan petroleum corporation ltd.'],//home/NPCI-Model-deploy/transactional-voice-ai_serving_dev/fastapi_client/data/pa/npci_pipeline_benchmark/audio/AUD2202202421.wav,ਮੈਨੂੰ ਆਪਣਾ ਐੱਚ ਪੀ ਗੈਸ ਦਾ ਬਿੱਲ ਭਰਨਾ ਹੈ,gas_payment,[]
https://dhruvacentrali0960249713.blob.core.windows.net/logsvoiceai/AUD-20240129-WA0102.wav,mobile_recharge_prepaid,"['mobile_number-9022520254', 'telephone_operator-airtel']",//home/NPCI-Model-deploy/transactional-voice-ai_serving_dev/fastapi_client/data/pa/npci_pipeline_benchmark/audio/AUD-20240129-WA0102.wav,ਮੈਂ ਆਪਣੇ ਏਅਰਟੈੱਲ ਨੰਬਰ ਨੌ ਸਿਫਰ ਦੋ ਦੋ ਪੰਜ ਦੋ ਸਿਫਰ ਦੋ ਪੰਜ ਚਾਰ ਦਾ ਰਿਚਾਰਜ ਕਰਵਾਉਣਾ,mobile_recharge_prepaid,"['mobile_number-9022520254', 'telephone_operator-Airtel']"
https://dhruvacentrali0960249713.blob.core.windows.net/logsvoiceai/AUD2202202422.wav,gas_payment,['lpg_gas_provider_name-indian oil corporation ltd.'],//home/NPCI-Model-deploy/transactional-voice-ai_serving_dev/fastapi_client/data/pa/npci_pipeline_benchmark/audio/AUD2202202422.wav,ਮੈਨੂੰ ਆਪਣਾ ਇੰਡੀਅਨ ਗੈਸ ਦਾ ਬਿੱਲ ਭਰਨਾ ਹੈ,gas_payment,['lpg_gas_provider_name-Indian Oil Corporation ltd.']
https://dhruvacentrali0960249713.blob.core.windows.net/logsvoiceai/AUD2202202423.wav,gas_payment,['lpg_gas_provider_name-bharat petroleum corporation ltd.'],//home/NPCI-Model-deploy/transactional-voice-ai_serving_dev/fastapi_client/data/pa/npci_pipeline_benchmark/audio/AUD2202202423.wav,ਮੈਨੂੰ ਆਪਣਾ ਭਾਰਤ ਗੈਸ ਦਾ ਬਿੱਲ ਭਰਨਾ ਹੈ,gas_payment,['lpg_gas_provider_name-Bharat Petroleum Corporation Ltd.']
https://dhruvacentrali0960249713.blob.core.windows.net/logsvoiceai/AUD2202202424.wav,gas_payment,[],//home/NPCI-Model-deploy/transactional-voice-ai_serving_dev/fastapi_client/data/pa/npci_pipeline_benchmark/audio/AUD2202202424.wav,ਮੈਨੂੰ ਆਪਣਾ ਗੈਸ ਦਾ ਬਿੱਲ ਭਰਨਾ ਹੈ,gas_payment,[]
https://dhruvacentrali0960249713.blob.core.windows.net/logsvoiceai/AUD2202202425.wav,balance_check,['bank_name-hdfc bank'],//home/NPCI-Model-deploy/transactional-voice-ai_serving_dev/fastapi_client/data/pa/npci_pipeline_benchmark/audio/AUD2202202425.wav,ਮੈਨੂੰ ਆਪਣਾ ਐੱਚ ਡੀ ਐੱਫ ਸੀ ਬੈਂਕ ਦਾ ਬੈਲੇਂਸ ਚੈੱਕ ਕਰਨਾ ਹੈ,balance_check,['bank_name-HDFC Bank']
https://dhruvacentrali0960249713.blob.core.windows.net/logsvoiceai/AUD2202202426.wav,balance_check,['bank_name-axis bank'],//home/NPCI-Model-deploy/transactional-voice-ai_serving_dev/fastapi_client/data/pa/npci_pipeline_benchmark/audio/AUD2202202426.wav,ਮੈਨੂੰ ਆਪਣਾ ਐਕਸਿਸ ਬੈਂਕ ਦਾ ਸਟੇਟਮੈਂਟ ਚੈੱਕ ਕਰਨਾ ਹੈ,balance_check,['bank_name-Axis Bank']
https://dhruvacentrali0960249713.blob.core.windows.net/logsvoiceai/AUD2202202427.wav,p2p_transfer,['bank_name-icici bank'],//home/NPCI-Model-deploy/transactional-voice-ai_serving_dev/fastapi_client/data/pa/npci_pipeline_benchmark/audio/AUD2202202427.wav,ਮੈਂ ਆਪਣੇ ਆਈ ਸੀ ਆਈ ਸੀ ਆਈ ਬੈਂਕਾਂ ਦੇ ਖਾਤੇ ਤੋਂ ਪੈਸੇ ਟ੍ਰਾਂਸਫਰ ਕਰਨਾ ਚਾਹੁੰਦਾ ਹ,p2p_transfer,['bank_name-ICICI Bank']
https://dhruvacentrali0960249713.blob.core.windows.net/logsvoiceai/AUD2202202428.wav,p2p_transfer,['bank_name-yes bank'],//home/NPCI-Model-deploy/transactional-voice-ai_serving_dev/fastapi_client/data/pa/npci_pipeline_benchmark/audio/AUD2202202428.wav,ਮੈਂ ਆਪਣੇ ਯੈੱਸ ਬੈਂਕਾਂ ਕੇ ਖਾਤੇ ਤੋਂ ਪੈਸੇ ਟ੍ਰਾਂਸਫਰ ਕਰਨਾ ਚਾਹੁੰਦਾ ਹਾਂ,p2p_transfer,['bank_name-Yes Bank']
https://dhruvacentrali0960249713.blob.core.windows.net/logsvoiceai/AUD2202202429.wav,p2p_transfer,['bank_name-bank of india'],//home/NPCI-Model-deploy/transactional-voice-ai_serving_dev/fastapi_client/data/pa/npci_pipeline_benchmark/audio/AUD2202202429.wav,ਮੈਂ ਆਪਣੇ ਬੈਂਕ ਆਫ ਇੰਡੀਆ ਕੇ ਖਾਤੇ ਤੋਂ ਪੈਸੇ ਟ੍ਰਾਂਸਫਰ ਕਰਨਾ ਚਾਹੁੰਦਾ ਹ,p2p_transfer,['bank_name-Bank of India']
https://dhruvacentrali0960249713.blob.core.windows.net/logsvoiceai/AUD220220243.wav,mobile_recharge_prepaid,"['amount_of_money-600', 'mobile_number-8125796346', 'telephone_operator-bsnl']",//home/NPCI-Model-deploy/transactional-voice-ai_serving_dev/fastapi_client/data/pa/npci_pipeline_benchmark/audio/AUD220220243.wav,ਮੈਨੂੰ ਆਪਣਾ ਪੀ ਐੱਸ ਐੱਨ ਐੱਲ ਨੰਬਰ ਏਟ ਵੰਨ ਟੂ ਫਾਈਵ ਸੈਵਨ ਨਾਈਨ ਸਿਕਸ ਥ੍ਰੀ ਫੌਰ ਸਿਕਸ ਸੌ ਰੁਪਏ ਨਾਲ ਰੀਚਾਰਜ ਕਰਵਾਉਨਾ ਹੈ,mobile_recharge_prepaid,"['mobile_number-8125796346', 'amount_of_money-00']"
https://dhruvacentrali0960249713.blob.core.windows.net/logsvoiceai/AUD2202202430.wav,p2p_transfer,['bank_name-union bank of india'],//home/NPCI-Model-deploy/transactional-voice-ai_serving_dev/fastapi_client/data/pa/npci_pipeline_benchmark/audio/AUD2202202430.wav,ਮੈਂ ਆਪਣੇ ਯੂਨੀਅਨ ਬੈਂਕਾਂ ਦੇ ਖਾਤੇ ਤੋਂ ਪੈਸੇ ਟ੍ਰਾਂਸਫਰ ਕਰਨਾ ਚਾਹੁੰਦਾ ਹਾਂ,p2p_transfer,['bank_name-Union Bank of India']
https://dhruvacentrali0960249713.blob.core.windows.net/logsvoiceai/AUD2202202431.wav,p2p_transfer,['bank_name-federal bank'],//home/NPCI-Model-deploy/transactional-voice-ai_serving_dev/fastapi_client/data/pa/npci_pipeline_benchmark/audio/AUD2202202431.wav,ਮੈਂ ਆਪਣੇ ਫੈਡਰਲ ਬੈਂਕਾਂ ਦੇ ਖਾਤੇ ਤੋਂ ਪੈਸੇ ਟ੍ਰਾਂਸਫਰ ਕਰਨਾ ਚਾਹੁੰਦਾ ਹਾਂ,p2p_transfer,['bank_name-Federal Bank']
https://dhruvacentrali0960249713.blob.core.windows.net/logsvoiceai/AUD2202202432.wav,p2p_transfer,['bank_name-state bank of india'],//home/NPCI-Model-deploy/transactional-voice-ai_serving_dev/fastapi_client/data/pa/npci_pipeline_benchmark/audio/AUD2202202432.wav,ਮੈਂ ਆਪਣੇ ਐੱਸ ਬੀ ਆਈ ਖਾਤੇ ਤੋਂ ਪੈਸੇ ਟ੍ਰਾਂਸਫਰ ਕਰਨਾ ਚਾਹੁੰਦਾ ਹਾਂ,p2p_transfer,['bank_name-State Bank of India']
https://dhruvacentrali0960249713.blob.core.windows.net/logsvoiceai/AUD2202202433.wav,p2p_transfer,['bank_name-kotak mahindra bank'],//home/NPCI-Model-deploy/transactional-voice-ai_serving_dev/fastapi_client/data/pa/npci_pipeline_benchmark/audio/AUD2202202433.wav,ਮੈਂ ਆਪਣੇ ਕੋਟਕ ਮਹਿੰਦਰਾ ਬੈਂਕਾਂ ਬੈਂਕ ਦੇ ਖਾਤੇ ਤੋਂ ਪੈਸੇ ਟ੍ਰਾਂਸਫਰ ਕਰਨਾ ਚਾਹੁੰਦਾ ਹਾਂ,p2p_transfer,['bank_name-Kotak Mahindra Bank']
https://dhruvacentrali0960249713.blob.core.windows.net/logsvoiceai/AUD2202202434.wav,p2p_transfer,['bank_name-saraswat bank'],//home/NPCI-Model-deploy/transactional-voice-ai_serving_dev/fastapi_client/data/pa/npci_pipeline_benchmark/audio/AUD2202202434.wav,ਮੈਂ ਆਪਣੇ ਸਰਸਵਤ ਬੈਂਕ ਦੇ ਖਾਤੇ ਤੋਂ ਪੈਸਾ ਟ੍ਰਾਂਸਫਰ ਕਰਨਾ ਚਾਹੁੰਦਾ ਹਾਂ,p2p_transfer,['bank_name-Saraswat Bank']
https://dhruvacentrali0960249713.blob.core.windows.net/logsvoiceai/AUD2202202435.wav,p2p_transfer,['bank_name-punjab national bank'],//home/NPCI-Model-deploy/transactional-voice-ai_serving_dev/fastapi_client/data/pa/npci_pipeline_benchmark/audio/AUD2202202435.wav,ਮੈਂ ਆਪਣੇ ਪੰਜਾਬ ਨੈਸ਼ਨਲ ਬੈਂਕ ਦੇ ਖਾਤੇ ਤੋਂ ਪੈਸੇ ਟ੍ਰਾਂਸਫਰ ਕਰਨਾ ਚਾਹੁੰਦਾ ਹੋਾਂ,p2p_transfer,['bank_name-Punjab National Bank']
https://dhruvacentrali0960249713.blob.core.windows.net/logsvoiceai/AUD220220244.wav,mobile_recharge_prepaid,"['amount_of_money-400', 'mobile_number-8125796346', 'telephone_operator-vodafone']",//home/NPCI-Model-deploy/transactional-voice-ai_serving_dev/fastapi_client/data/pa/npci_pipeline_benchmark/audio/AUD220220244.wav,ਮੈਨੂੰ ਆਪਣਾ ਵੀ ਨੰਬਰ ਏਟ ਵਨ ਟੂ ਫਾਈਵ ਸੈਵਨ ਨਾਈਨ ਸਿਕਸ ਥ੍ਰੀ ਫੋਰ ਸਿਕਸ ਚਾਰ ਸੌ ਰੁਪਏ ਨਾਲ ਰੀਚਾਰਜ ਕਰਵਾਉਣਾ ਹੈ,mobile_recharge_prepaid,"['mobile_number-8125796346', 'amount_of_money-400', 'telephone_operator-Vodafone']"
https://dhruvacentrali0960249713.blob.core.windows.net/logsvoiceai/AUD220220245.wav,mobile_recharge_prepaid,"['amount_of_money-200', 'mobile_number-8125796346', 'telephone_operator-jio']",//home/NPCI-Model-deploy/transactional-voice-ai_serving_dev/fastapi_client/data/pa/npci_pipeline_benchmark/audio/AUD220220245.wav,ਮੈਨੂੰ ਆਪਣਾ ਜੀਓ ਨੰਬਰ ਏਟ ਵਨ ਟੂ ਫਾਈਵ ਸੈਵਨ ਨਾਈਨ ਸਿਕਸ ਥਰੀ ਫੌਰ ਸਿਕਸ ਦੋ ਸੌ ਰੁਪਏ ਨਾਲ ਟੋਪਅਪ ਰੀਚਾਰਜ ਕਰਵਾਉਣਾ ਹੈ,mobile_recharge_prepaid,"['mobile_number-8125796346', 'amount_of_money-200', 'telephone_operator-Jio']"
https://dhruvacentrali0960249713.blob.core.windows.net/logsvoiceai/AUD220220246.wav,mobile_recharge_prepaid,"['amount_of_money-300', 'mobile_number-8125796346', 'telephone_operator-airtel']",//home/NPCI-Model-deploy/transactional-voice-ai_serving_dev/fastapi_client/data/pa/npci_pipeline_benchmark/audio/AUD220220246.wav,ਮੈਨੂੰ ਆਪਣਾ ਏਅਰਟੈੱਲ ਨੰਬਰ ਏਟ ਵੰਨ ਟੂ ਫਾਈਵ ਸੈਵਨ ਨਾਈਨ ਸਿਕਸ ਥ੍ਰੀ ਫੌਰ ਸਿਕਸ ਤਿੰਨ ਸੌ ਰੁਪਏ ਨਾਲ ਟੋਪਅਪ ਰੀਚਾਰਜ ਕਰਵਾਉਣਾ ਹੈ,mobile_recharge_prepaid,"['mobile_number-8125796346', 'amount_of_money-300', 'telephone_operator-Airtel']"
https://dhruvacentrali0960249713.blob.core.windows.net/logsvoiceai/AUD220220247.wav,mobile_recharge_prepaid,"['amount_of_money-600', 'mobile_number-8125796346', 'telephone_operator-bsnl']",//home/NPCI-Model-deploy/transactional-voice-ai_serving_dev/fastapi_client/data/pa/npci_pipeline_benchmark/audio/AUD220220247.wav,ਮੈਨੂੰ ਆਪਣਾ ਬੀ ਐੱਸ ਐੱਨ ਐੱਲ ਨੰਬਰ ਏਟ ਵਨ ਟੂ ਫਾਈਵ ਸੈਵਨ ਨਾਈਨ ਸਿਕਸ ਥ੍ਰੀ ਫੌਰ ਸਿਕਸ ਸੌ ਰੁਪਏ ਨਾਲ ਟੋਪਅਪ ਰੀਚਾਰਜ ਕਰਵਾਉਣਾ ਹੈ,mobile_recharge_prepaid,"['mobile_number-8125796346', 'amount_of_money-00']"
https://dhruvacentrali0960249713.blob.core.windows.net/logsvoiceai/AUD220220248.wav,mobile_recharge_prepaid,"['amount_of_money-400', 'mobile_number-8125796346', 'telephone_operator-vodafone']",//home/NPCI-Model-deploy/transactional-voice-ai_serving_dev/fastapi_client/data/pa/npci_pipeline_benchmark/audio/AUD220220248.wav,ਮੈਨੂੰ ਆਪਣਾ ਵੀ ਨੰਬਰ ਏਟ ਵਨ ਟੂ ਫਾਈਵ ਸੈਵਨ ਨਾਈਨ ਸਿਕਸ ਥ੍ਰੀ ਫੌਰ ਸਿਕਸ ਚਾਰ ਸੌ ਰੁਪਏ ਨਾਲ ਟੋਪਅਪ ਰੀਚਾਰਜ ਕਰਵਾਉਣਾ,mobile_recharge_prepaid,"['mobile_number-8125796346', 'amount_of_money-400', 'telephone_operator-Vodafone']"
https://dhruvacentrali0960249713.blob.core.windows.net/logsvoiceai/AUD-20240401-WA0040.wav,balance_check,['bank_name-bank of india'],//home/NPCI-Model-deploy/transactional-voice-ai_serving_dev/fastapi_client/data/pa/npci_pipeline_benchmark/audio/AUD-20240401-WA0040.wav,ਮੈਨੂੰ ਮੇਰੇ ਬੈਂਕ ਆਫ ਇੰਡੀਆ ਦੇ ਅਕਾਊਂਟ ਦਾ ਬੈਲੇਂਸ ਚੈੱਕ ਕਰਨਾ ਹੈ,balance_check,['bank_name-Bank of India']
https://dhruvacentrali0960249713.blob.core.windows.net/logsvoiceai/AUD-20240401-WA0041.wav,balance_check,['bank_name-kotak mahindra bank'],//home/NPCI-Model-deploy/transactional-voice-ai_serving_dev/fastapi_client/data/pa/npci_pipeline_benchmark/audio/AUD-20240401-WA0041.wav,ਉਹ ਮੈਨੂੰ ਮੇਰੇ ਕੋਟਕ ਮਹਿੰਦਰਾ ਬੈਂਕ ਅਕਾਊਂਟ ਦਾ ਬੈਲੇਂਸ ਇੱਕ ਇੱਕ ਕਰਨਾ ਹੈ,balance_check,['bank_name-Kotak Mahindra Bank']
https://dhruvacentrali0960249713.blob.core.windows.net/logsvoiceai/AUD-20240401-WA0042.wav,balance_check,['bank_name-federal bank'],//home/NPCI-Model-deploy/transactional-voice-ai_serving_dev/fastapi_client/data/pa/npci_pipeline_benchmark/audio/AUD-20240401-WA0042.wav,ਮੈਨੂੰ ਮੇਰੇ ਫੈਡਰਲ ਬੈਂਕ ਅਕਾਊਂਟ ਦਾ ਬੈਲੇਂਸ ਚੈੱਕ ਕਰਨਾ ਹੈ,balance_check,['bank_name-Federal Bank']
https://dhruvacentrali0960249713.blob.core.windows.net/logsvoiceai/AUD-20240401-WA0043.wav,balance_check,['bank_name-hdfc bank'],//home/NPCI-Model-deploy/transactional-voice-ai_serving_dev/fastapi_client/data/pa/npci_pipeline_benchmark/audio/AUD-20240401-WA0043.wav,ਮੈਨੂੰ ਮੇਰੇ ਐੱਚ ਡੀ ਐੱਫ ਸੀ ਬੈਂਕ ਅਕਾਊਂਟ ਦਾ ਯੂ ਪੀ ਆਈ ਬੈਲੇਂਸ ਜਾਣਨਾ ਹੈ,balance_check,['bank_name-HDFC Bank']
https://dhruvacentrali0960249713.blob.core.windows.net/logsvoiceai/AUD-20240401-WA0044.wav,unknown,['bank_name-yes bank'],//home/NPCI-Model-deploy/transactional-voice-ai_serving_dev/fastapi_client/data/pa/npci_pipeline_benchmark/audio/AUD-20240401-WA0044.wav,ਮੈਨੂੰ ਮੇਰੇ ਯੈੱਸ ਬੈਂਕ ਅਕਾਊਂਟ ਦਾ ਫਾਈਨੈਂਸ਼ੀਅਲ ਸਟੇਟਸ ਕੀ ਹੈਗਾ ਉਹ ਜਾਣਨਾ ਹੈ,balance_check,['bank_name-Yes Bank']
https://dhruvacentrali0960249713.blob.core.windows.net/logsvoiceai/AUD-20240401-WA0045.wav,balance_check,['bank_name-bank of baroda'],//home/NPCI-Model-deploy/transactional-voice-ai_serving_dev/fastapi_client/data/pa/npci_pipeline_benchmark/audio/AUD-20240401-WA0045.wav,ਮੇਰੇ ਬੈਂਕ ਆਫ ਬਰੌਡਾ ਦੇ ਅਕਾਊਂਟ ਦਾ ਬੈਲੇਂਸ ਦੇਖੋ ਜ਼ੇਰਾ,balance_check,['bank_name-Bank of Baroda']
https://dhruvacentrali0960249713.blob.core.windows.net/logsvoiceai/AUD-20240401-WA0046.wav,balance_check,['bank_name-bank of baroda'],//home/NPCI-Model-deploy/transactional-voice-ai_serving_dev/fastapi_client/data/pa/npci_pipeline_benchmark/audio/AUD-20240401-WA0046.wav,ਮੈਨੂੰ ਮੇਰੇ ਬੈਂਕ ਆਫ ਬਰੌੜਾ ਦੇ ਅਕਾਊਂਟ ਦੀ ਬੈਲੇਂਸ ਦੀ ਜਾਣਕਾਰੀ ਚਾਹੀਦੀ ਹੈਗੀ,balance_check,['bank_name-Bank of Baroda']
https://dhruvacentrali0960249713.blob.core.windows.net/logsvoiceai/AUD-20240401-WA0047.wav,balance_check,['bank_name-yes bank'],//home/NPCI-Model-deploy/transactional-voice-ai_serving_dev/fastapi_client/data/pa/npci_pipeline_benchmark/audio/AUD-20240401-WA0047.wav,ਓ ਮੇਰੇ ਯੈੱਸ ਬੈਂਕ ਸੇਵਿੰਗ ਅਕਾਊਂਟ ਚ ਕਰੰਟ ਬੈਲੇਂਸ ਕੀ ਹੈਗਾ ਹੈ,balance_check,['bank_name-Yes Bank']
https://dhruvacentrali0960249713.blob.core.windows.net/logsvoiceai/AUD-20240401-WA0048.wav,balance_check,['bank_name-hdfc bank'],//home/NPCI-Model-deploy/transactional-voice-ai_serving_dev/fastapi_client/data/pa/npci_pipeline_benchmark/audio/AUD-20240401-WA0048.wav,ਮੈਨੂੰ ਮੇਰੇ ਐੱਚ ਡੀ ਐੱਫ ਸੀ ਸੇਵਿੰਗ ਬੈਂਕ ਅਕਾਊਂਟ ਚ ਕਿੰਨੀ ਕਰੈਂਟ ਬੈਲੇਂਸ ਹੈਗੀ ਉਹ ਜਾਣਨੀ ਹੈਗੀ,balance_check,['bank_name-HDFC Bank']
https://dhruvacentrali0960249713.blob.core.windows.net/logsvoiceai/AUD-20240401-WA0050.wav,balance_check,['bank_name-axis bank'],//home/NPCI-Model-deploy/transactional-voice-ai_serving_dev/fastapi_client/data/pa/npci_pipeline_benchmark/audio/AUD-20240401-WA0050.wav,ਮੈਨੂੰ ਮੇਰੇ ਐਕਸਿਸ ਬੈਂਕ ਅਕਾਊਂਟ ਦਾ ਯੂ ਪੀ ਆਈ ਬੈਲੇਂਸ ਜਾਣਨਾ ਹੈ,balance_check,['bank_name-Axis Bank']
https://dhruvacentrali0960249713.blob.core.windows.net/logsvoiceai/AUD-20240401-WA0051.wav,balance_check,['bank_name-state bank of india'],//home/NPCI-Model-deploy/transactional-voice-ai_serving_dev/fastapi_client/data/pa/npci_pipeline_benchmark/audio/AUD-20240401-WA0051.wav,ਉਹ ਮੈਨੂੰ ਮੇਰੇ ਐੱਸ ਬੀ ਆਈ ਬੈਂਕ ਅਕਾਊਂਟ ਦਾ ਬੈਲੇਂਸ ਚੈੱਕ ਕਰਨਾ ਹੈ,balance_check,['bank_name-State Bank of India']
https://dhruvacentrali0960249713.blob.core.windows.net/logsvoiceai/AUD-20240401-WA0052.wav,balance_check,['bank_name-yes bank'],//home/NPCI-Model-deploy/transactional-voice-ai_serving_dev/fastapi_client/data/pa/npci_pipeline_benchmark/audio/AUD-20240401-WA0052.wav,ਉਹ ਮੈਨੂੰ ਮੇਰੇ ਯੈੱਸ ਬੈਂਕ ਅਕਾਊਂਟ ਦਾ ਬੈਲੇਂਸ ਚੈੱਕ ਕਰਨਾ ਹੈ,balance_check,['bank_name-Yes Bank']
https://dhruvacentrali0960249713.blob.core.windows.net/logsvoiceai/AUD-20240401-WA0053.wav,balance_check,['bank_name-indusind bank'],//home/NPCI-Model-deploy/transactional-voice-ai_serving_dev/fastapi_client/data/pa/npci_pipeline_benchmark/audio/AUD-20240401-WA0053.wav,ਮੈਨੂੰ ਮੇਰੇ ਇੰਡੂਸਿੰਧ ਬੈਂਕ ਅਕਾਊਂਟ ਦਾ ਬੈਲੇਂਸ ਚੈੱਕ ਕਰਨਾ ਹੈ,balance_check,['bank_name-IndusInd Bank']
https://dhruvacentrali0960249713.blob.core.windows.net/logsvoiceai/AUD-20240401-WA0054.wav,balance_check,['bank_name-hdfc bank'],//home/NPCI-Model-deploy/transactional-voice-ai_serving_dev/fastapi_client/data/pa/npci_pipeline_benchmark/audio/AUD-20240401-WA0054.wav,ਮੈਨੂੰ ਮੇਰੇ ਐੱਚ ਡੀ ਐੱਫ ਸੀ ਬੈਂਕ ਅਕਾਊਂਟ ਦਾ ਬੈਲੇਂਸ ਚੈੱਕ ਕਰਨਾ ਹੈ,balance_check,['bank_name-HDFC Bank']
https://dhruvacentrali0960249713.blob.core.windows.net/logsvoiceai/AUD-20240401-WA0055.wav,balance_check,['bank_name-axis bank'],//home/NPCI-Model-deploy/transactional-voice-ai_serving_dev/fastapi_client/data/pa/npci_pipeline_benchmark/audio/AUD-20240401-WA0055.wav,ਮੈਨੂੰ ਮੇਰੇ ਐਕਸਿਸ ਬੈਂਕ ਦੇ ਅਕਾਊਂਟ ਦਾ ਬੈਲੇਂਸ ਚੈੱਕ ਕਰਨਾ ਹੈ,balance_check,['bank_name-Axis Bank']
https://dhruvacentrali0960249713.blob.core.windows.net/logsvoiceai/AUD-20240401-WA0056.wav,balance_check,['bank_name-bank of maharashtra'],//home/NPCI-Model-deploy/transactional-voice-ai_serving_dev/fastapi_client/data/pa/npci_pipeline_benchmark/audio/AUD-20240401-WA0056.wav,ਮੈਨੂੰ ਮੇਰੇ ਬੈਂਕ ਆਫ ਮਹਾਰਾਸ਼ਟਰਾ ਦੇ ਅਕਾਊਂਟ ਦਾ ਬੈਲੇਂਸ ਚੈੱਕ ਕਰਨਾ ਹੈ,balance_check,['bank_name-Bank of Maharashtra']
https://dhruvacentrali0960249713.blob.core.windows.net/logsvoiceai/AUD-20240401-WA0057.wav,balance_check,['bank_name-bank of baroda'],//home/NPCI-Model-deploy/transactional-voice-ai_serving_dev/fastapi_client/data/pa/npci_pipeline_benchmark/audio/AUD-20240401-WA0057.wav,ਮੈਨੂੰ ਮੇਰੇ ਬੈਂਕ ਆਫ ਬਰੌਡਾ ਦਾ ਅਕਾਊਂਟ ਦਾ ਬੈਲੇਂਸ ਚੈੱਕ ਕਰਨਾ ਹੈ,balance_check,['bank_name-Bank of Baroda']
https://dhruvacentrali0960249713.blob.core.windows.net/logsvoiceai/37MWdRAnQkGcZcVzN4tBaM.wav,mobile_recharge_prepaid,['telephone_operator-airtel'],//home/NPCI-Model-deploy/transactional-voice-ai_serving_dev/fastapi_client/data/pa/npci_pipeline_benchmark/audio/37MWdRAnQkGcZcVzN4tBaM.wav,ਏਅਰਟੇਲ ਮੋਬਾਇਲ ਨੰਬਰ ਰ ਚਾਰ,inform,['telephone_operator-Airtel']
https://dhruvacentrali0960249713.blob.core.windows.net/logsvoiceai/AUD220220241.wav,mobile_recharge_prepaid,"['amount_of_money-200', 'mobile_number-8125796346', 'telephone_operator-jio']",//home/NPCI-Model-deploy/transactional-voice-ai_serving_dev/fastapi_client/data/pa/npci_pipeline_benchmark/audio/AUD220220241.wav,ਮੈਨੂੰ ਆਪਣਾ ਜੀਓ ਨੰਬਰ ਏਟ ਵਨ ਟੂ ਫਾਈਵ ਸੈਵਨ ਨਾਈਨ ਸਿਕਸ ਥ੍ਰੀ ਫੋੌਰ ਸਿਕਸ ਦੋ ਸੌ ਰੁਪਇਆ ਨਾਲ ਰੀਚਾਰਜ ਕਰਵਾਉਨਾ ਹੈ,mobile_recharge_prepaid,"['mobile_number-8125796346', 'amount_of_money-200', 'telephone_operator-Jio']"
https://dhruvacentrali0960249713.blob.core.windows.net/logsvoiceai/RZRTq4UZBAxm8b8Pn83RbE.wav,mobile_recharge_prepaid,['telephone_operator-vodafone'],//home/NPCI-Model-deploy/transactional-voice-ai_serving_dev/fastapi_client/data/pa/npci_pipeline_benchmark/audio/RZRTq4UZBAxm8b8Pn83RbE.wav,ਵੋਡਾਫੋਨ ਮੋਬਾਈਲ ਨੰਬਰ ਰਿਚਾਰਜ,mobile_recharge_prepaid,['telephone_operator-Vodafone']
https://dhruvacentrali0960249713.blob.core.windows.net/logsvoiceai/NZw7KpaWi8r5ZbKbo4N8eQ.wav,mobile_recharge_prepaid,['telephone_operator-airtel'],//home/NPCI-Model-deploy/transactional-voice-ai_serving_dev/fastapi_client/data/pa/npci_pipeline_benchmark/audio/NZw7KpaWi8r5ZbKbo4N8eQ.wav,ਏਅਰਟੈੱਲ ਮੋਬਾਈਲ ਨੰਬਰ ਰਿਚਾਰਜ,mobile_recharge_prepaid,['telephone_operator-Airtel']
https://dhruvacentrali0960249713.blob.core.windows.net/logsvoiceai/Pa_amt_10-12.wav,unknown,['amount_of_money-10'],//home/NPCI-Model-deploy/transactional-voice-ai_serving_dev/fastapi_client/data/pa/npci_pipeline_benchmark/audio/Pa_amt_10-12.wav,ਦਸ ਰੁਪਏ,inform,['amount_of_money-10']
https://dhruvacentrali0960249713.blob.core.windows.net/logsvoiceai/Pa_amt_1000-9.wav,unknown,['amount_of_money-1000'],//home/NPCI-Model-deploy/transactional-voice-ai_serving_dev/fastapi_client/data/pa/npci_pipeline_benchmark/audio/Pa_amt_1000-9.wav,ਇੱਕ ਹਜ਼ਾਰ ਰੁਪਏ,inform,['amount_of_money-1000']
https://dhruvacentrali0960249713.blob.core.windows.net/logsvoiceai/Pa_amt_1200-19.wav,unknown,['amount_of_money-1200'],//home/NPCI-Model-deploy/transactional-voice-ai_serving_dev/fastapi_client/data/pa/npci_pipeline_benchmark/audio/Pa_amt_1200-19.wav,ਇੱਕ ਹਜ਼ਾਰ ਦੋ ਸੌ ਰੁਪਏ,inform,['amount_of_money-1200']
https://dhruvacentrali0960249713.blob.core.windows.net/logsvoiceai/Pa_amt_200-1.wav,unknown,['amount_of_money-200'],//home/NPCI-Model-deploy/transactional-voice-ai_serving_dev/fastapi_client/data/pa/npci_pipeline_benchmark/audio/Pa_amt_200-1.wav,ਦੋ ਸੌ ਰੁਪਏ,inform,['amount_of_money-200']
https://dhruvacentrali0960249713.blob.core.windows.net/logsvoiceai/Pa_amt_2000-10.wav,unknown,['amount_of_money-2000'],//home/NPCI-Model-deploy/transactional-voice-ai_serving_dev/fastapi_client/data/pa/npci_pipeline_benchmark/audio/Pa_amt_2000-10.wav,ਦੋ ਹਜ਼ਾਰ ਰੁਪਏ,inform,['amount_of_money-2000']
https://dhruvacentrali0960249713.blob.core.windows.net/logsvoiceai/Pa_amt_25-13.wav,unknown,['amount_of_money-25'],//home/NPCI-Model-deploy/transactional-voice-ai_serving_dev/fastapi_client/data/pa/npci_pipeline_benchmark/audio/Pa_amt_25-13.wav,ਪੱਚੀ ਰੁਪਏ,inform,['amount_of_money-25']
https://dhruvacentrali0960249713.blob.core.windows.net/logsvoiceai/Pa_amt_30-14.wav,unknown,['amount_of_money-30'],//home/NPCI-Model-deploy/transactional-voice-ai_serving_dev/fastapi_client/data/pa/npci_pipeline_benchmark/audio/Pa_amt_30-14.wav,ਤੀਹ ਰੁਪਏ,inform,['amount_of_money-30']
https://dhruvacentrali0960249713.blob.core.windows.net/logsvoiceai/Pa_amt_300-2.wav,unknown,['amount_of_money-300'],//home/NPCI-Model-deploy/transactional-voice-ai_serving_dev/fastapi_client/data/pa/npci_pipeline_benchmark/audio/Pa_amt_300-2.wav,ਤਿੰਨ ਸੌ ਰੁਪਏ,inform,['amount_of_money-300']
https://dhruvacentrali0960249713.blob.core.windows.net/logsvoiceai/Pa_amt_320-4.wav,unknown,['amount_of_money-320'],//home/NPCI-Model-deploy/transactional-voice-ai_serving_dev/fastapi_client/data/pa/npci_pipeline_benchmark/audio/Pa_amt_320-4.wav,ਤਿੰਨ ਸੌ ਵੀਹ ਰੁਪਏ,inform,['amount_of_money-320']
https://dhruvacentrali0960249713.blob.core.windows.net/logsvoiceai/Pa_amt_35-15.wav,unknown,['amount_of_money-35'],//home/NPCI-Model-deploy/transactional-voice-ai_serving_dev/fastapi_client/data/pa/npci_pipeline_benchmark/audio/Pa_amt_35-15.wav,ਪੈਂਤੀ ਰੁਪਏ,inform,['amount_of_money-35']
https://dhruvacentrali0960249713.blob.core.windows.net/logsvoiceai/Pa_amt_350-8.wav,unknown,['amount_of_money-350'],//home/NPCI-Model-deploy/transactional-voice-ai_serving_dev/fastapi_client/data/pa/npci_pipeline_benchmark/audio/Pa_amt_350-8.wav,ਤਿੰਨ ਸੌ ਪੰਜਾਹ ਰੁਪਏਏ,inform,['amount_of_money-350']
https://dhruvacentrali0960249713.blob.core.windows.net/logsvoiceai/Pa_amt_50-16.wav,unknown,['amount_of_money-50'],//home/NPCI-Model-deploy/transactional-voice-ai_serving_dev/fastapi_client/data/pa/npci_pipeline_benchmark/audio/Pa_amt_50-16.wav,ਪੰਜਾਹ ਰੁਪਏ,inform,['amount_of_money-50']
https://dhruvacentrali0960249713.blob.core.windows.net/logsvoiceai/Pa_amt_550-20.wav,unknown,['amount_of_money-550'],//home/NPCI-Model-deploy/transactional-voice-ai_serving_dev/fastapi_client/data/pa/npci_pipeline_benchmark/audio/Pa_amt_550-20.wav,ਪੰਜ ਸੌ ਪੰਜਾਹ ਰੁਪਏ,inform,['amount_of_money-550']
https://dhruvacentrali0960249713.blob.core.windows.net/logsvoiceai/Pa_amt_600-5.wav,unknown,['amount_of_money-600'],//home/NPCI-Model-deploy/transactional-voice-ai_serving_dev/fastapi_client/data/pa/npci_pipeline_benchmark/audio/Pa_amt_600-5.wav,ਛੇ ਸੌ ਰੁਪਏ,inform,['amount_of_money-600']
https://dhruvacentrali0960249713.blob.core.windows.net/logsvoiceai/Pa_amt_720-7.wav,unknown,['amount_of_money-720'],//home/NPCI-Model-deploy/transactional-voice-ai_serving_dev/fastapi_client/data/pa/npci_pipeline_benchmark/audio/Pa_amt_720-7.wav,ਸੱਤ ਸੌ ਵੀਹ ਰੁਪਏ,inform,['amount_of_money-720']
https://dhruvacentrali0960249713.blob.core.windows.net/logsvoiceai/Pa_amt_750-18.wav,unknown,['amount_of_money-750'],//home/NPCI-Model-deploy/transactional-voice-ai_serving_dev/fastapi_client/data/pa/npci_pipeline_benchmark/audio/Pa_amt_750-18.wav,ਸੱਤ ਸੌ ਪੰਜਾਹ ਰੁਪਏ,inform,['amount_of_money-750']
https://dhruvacentrali0960249713.blob.core.windows.net/logsvoiceai/Pa_amt_800-6.wav,unknown,['amount_of_money-800'],//home/NPCI-Model-deploy/transactional-voice-ai_serving_dev/fastapi_client/data/pa/npci_pipeline_benchmark/audio/Pa_amt_800-6.wav,ਅੱਠ ਸੌ ਰੁਪਏ,inform,['amount_of_money-800']
https://dhruvacentrali0960249713.blob.core.windows.net/logsvoiceai/Pa_amt_820-7.wav,unknown,['amount_of_money-820'],//home/NPCI-Model-deploy/transactional-voice-ai_serving_dev/fastapi_client/data/pa/npci_pipeline_benchmark/audio/Pa_amt_820-7.wav,ਅੱਠ ਸੌ ਵੀਹ ਰੁਪਏ,inform,['amount_of_money-820']
https://dhruvacentrali0960249713.blob.core.windows.net/logsvoiceai/Pa_mobile-number_7458963214-2.wav,unknown,['mobile_number-7458963214'],//home/NPCI-Model-deploy/transactional-voice-ai_serving_dev/fastapi_client/data/pa/npci_pipeline_benchmark/audio/Pa_mobile-number_7458963214-2.wav,ਸੱਤ ਚਾਰ ਪੰਜ ਅੱਠ ਨੌਂ ਛੇ ਤਿੰਨ ਦੋ ਇੱਕ ਚਾਰ,inform,['mobile_number-7458963214']
https://dhruvacentrali0960249713.blob.core.windows.net/logsvoiceai/Pa_mobile-number_7589641230-7.wav,unknown,['mobile_number-7589641230'],//home/NPCI-Model-deploy/transactional-voice-ai_serving_dev/fastapi_client/data/pa/npci_pipeline_benchmark/audio/Pa_mobile-number_7589641230-7.wav,ਸੱਤ ਪੰਜ ਅੱਠ ਨੌਂ ਛੇ ਚਾਰ ਇੱਕ ਦੋ ਤਿੰਨ ਸਿਫਰ,inform,['mobile_number-7589641230']
https://dhruvacentrali0960249713.blob.core.windows.net/logsvoiceai/Pa_mobile-number_7894561230-1.wav,unknown,['mobile_number-7894561230'],//home/NPCI-Model-deploy/transactional-voice-ai_serving_dev/fastapi_client/data/pa/npci_pipeline_benchmark/audio/Pa_mobile-number_7894561230-1.wav,ਸੱਤ ਅੱਠ ਨੌਂ ਚਾਰ ਪੰਜ ਛੇ ਇੱਕ ਦੋ ਤਿੰਨ ਸਿਫਰ,inform,['mobile_number-7894561230']
https://dhruvacentrali0960249713.blob.core.windows.net/logsvoiceai/Pa_mobile-number_8654321987-8.wav,unknown,['mobile_number-8654321987'],//home/NPCI-Model-deploy/transactional-voice-ai_serving_dev/fastapi_client/data/pa/npci_pipeline_benchmark/audio/Pa_mobile-number_8654321987-8.wav,ਅੱਠ ਛੇ ਪੰਜ ਚਾਰ ਤਿੰਨ ਦੋ ਇੱਕ ਨੌਂ ਅੱਠ ਸੱਤ,inform,['mobile_number-8654321987']
https://dhruvacentrali0960249713.blob.core.windows.net/logsvoiceai/Pa_mobile-number_8745123690-5.wav,unknown,['mobile_number-8745123690'],//home/NPCI-Model-deploy/transactional-voice-ai_serving_dev/fastapi_client/data/pa/npci_pipeline_benchmark/audio/Pa_mobile-number_8745123690-5.wav,ਅੱਠ ਸੱਤ ਚਾਰ ਪੰਜ ਇੱਕ ਦੋ ਤਿੰਨ ਛੇ ਨੌਂ ਸਿਫਰ,inform,['mobile_number-8745123690']
https://dhruvacentrali0960249713.blob.core.windows.net/logsvoiceai/Pa_mobile-number_8765432109-3.wav,unknown,['mobile_number-8765432109'],//home/NPCI-Model-deploy/transactional-voice-ai_serving_dev/fastapi_client/data/pa/npci_pipeline_benchmark/audio/Pa_mobile-number_8765432109-3.wav,ਅੱਠ ਸੱਤ ਛੇ ਪੰਜ ਚਾਰ ਤਿੰਨ ਦੋ ਇੱਕ ਸਿਫਰ ਨੌ,inform,['mobile_number-8765432109']
https://dhruvacentrali0960249713.blob.core.windows.net/logsvoiceai/Pa_mobile-number_8965472130-6.wav,unknown,['mobile_number-8965472130'],//home/NPCI-Model-deploy/transactional-voice-ai_serving_dev/fastapi_client/data/pa/npci_pipeline_benchmark/audio/Pa_mobile-number_8965472130-6.wav,ਅੱਠ ਨੌਂ ਛੇ ਪੰਜ ਚਾਰ ਸੱਤ ਦੋ ਇੱਕ ਤਿੰਨ ਸਿਫਰ,inform,['mobile_number-8965472130']
https://dhruvacentrali0960249713.blob.core.windows.net/logsvoiceai/Pa_mobile-number_9856743210-10.wav,unknown,['mobile_number-9856743210'],//home/NPCI-Model-deploy/transactional-voice-ai_serving_dev/fastapi_client/data/pa/npci_pipeline_benchmark/audio/Pa_mobile-number_9856743210-10.wav,ਨੌਂ ਅੱਠ ਪੰਜ ਛੇ ਸੱਤ ਚਾਰ ਤਿੰਨ ਦੋ ਇੱਕ ਸਿਫਰ,inform,['mobile_number-9856743210']
https://dhruvacentrali0960249713.blob.core.windows.net/logsvoiceai/Pa_mobile-number_9874563210-9.wav,unknown,['mobile_number-9874563210'],//home/NPCI-Model-deploy/transactional-voice-ai_serving_dev/fastapi_client/data/pa/npci_pipeline_benchmark/audio/Pa_mobile-number_9874563210-9.wav,ਨੌਂ ਅੱਠ ਸੱਤ ਚਾਰ ਪੰਜ ਛੇ ਤਿੰਨ ਦੋ ਇੱਕ ਸਿਫਰ,inform,['mobile_number-9874563210']
https://dhruvacentrali0960249713.blob.core.windows.net/logsvoiceai/Pa_mobile-number_9876543210-4.wav,unknown,['mobile_number-9876543210'],//home/NPCI-Model-deploy/transactional-voice-ai_serving_dev/fastapi_client/data/pa/npci_pipeline_benchmark/audio/Pa_mobile-number_9876543210-4.wav,ਨੌਂ ਅੱਠ ਸੱਤ ਛੇ ਪੰਜ ਚਾਰ ਤਿੰਨ ਦੋ ਇੱਕ ਸਿਫਰ,inform,['mobile_number-9876543210']
